--
-- Script was generated by Devart dbForge Studio 2019 for SQL Server, Version 5.8.107.0
-- Product Home Page: http://www.devart.com/dbforge/sql/studio
-- Script date 12/25/2021 4:11:22 PM
-- Target server version: 15.00.2000
-- Target connection string: Data Source=SUWAX-PC;Encrypt=False;Integrated Security=True;User ID=SUWAX-PC\gamal
-- Please backup your target database before running this script
--



SET LANGUAGE 'English'
SET DATEFORMAT ymd
SET ARITHABORT, ANSI_PADDING, ANSI_WARNINGS, CONCAT_NULL_YIELDS_NULL, QUOTED_IDENTIFIER, ANSI_NULLS, NOCOUNT ON
SET NUMERIC_ROUNDABORT, IMPLICIT_TRANSACTIONS, XACT_ABORT OFF
GO

USE ONLINE_STORE
GO

IF DB_NAME() <> N'ONLINE_STORE' SET NOEXEC ON
GO
--
-- Delete data from the table 'dbo.TX_DH'
--
TRUNCATE TABLE dbo.TX_DH
GO
--
-- Delete data from the table 'dbo.NGUOIDUNG'
--
TRUNCATE TABLE dbo.NGUOIDUNG
GO
--
-- Delete data from the table 'dbo.HOPDONG'
--
TRUNCATE TABLE dbo.HOPDONG
GO
--
-- Delete data from the table 'dbo.DATHANG'
--
TRUNCATE TABLE dbo.DATHANG
GO
--
-- Delete data from the table 'dbo.CT_DONHANG'
--
TRUNCATE TABLE dbo.CT_DONHANG
GO
--
-- Delete data from the table 'dbo.SANPHAM'
--
DELETE dbo.SANPHAM
GO
--
-- Delete data from the table 'dbo.DOITAC'
--
DELETE dbo.DOITAC
GO
--
-- Delete data from the table 'dbo.TAIXE'
--
DELETE dbo.TAIXE
GO
--
-- Delete data from the table 'dbo.QUANTRI'
--
DELETE dbo.QUANTRI
GO
--
-- Delete data from the table 'dbo.NHANVIEN'
--
DELETE dbo.NHANVIEN
GO
--
-- Delete data from the table 'dbo.KHACHHANG'
--
DELETE dbo.KHACHHANG
GO
--
-- Delete data from the table 'dbo.DONHANG'
--
DELETE dbo.DONHANG
GO
--
-- Delete data from the table 'dbo.CHINHANH'
--
DELETE dbo.CHINHANH
GO

--
-- Inserting data into table dbo.CHINHANH
--
INSERT dbo.CHINHANH(ID, DiaChi) VALUES (N'CN995601', N'4 Lê Duẩn, phường Đông Phong, Quận 2')
INSERT dbo.CHINHANH(ID, DiaChi) VALUES (N'CN429999', N'63 Lý Thường Kiệt, phường 2, Quận 4')
INSERT dbo.CHINHANH(ID, DiaChi) VALUES (N'CN908276', N'1 Lê Quý Đôn, phường 6, Quận 7')
INSERT dbo.CHINHANH(ID, DiaChi) VALUES (N'CN763571', N'1 Lê Duẩn, phường 7, Quận 5')
INSERT dbo.CHINHANH(ID, DiaChi) VALUES (N'CN044191', N'40 Hoàng Hoa Thám, phường Bình Đức, Quận 9')
INSERT dbo.CHINHANH(ID, DiaChi) VALUES (N'CN953754', N'21 Võ Thị Sáu, phường 1, Quận 1')
INSERT dbo.CHINHANH(ID, DiaChi) VALUES (N'CN630254', N'58 Tôn Đức Thắng, phường 7, Quận 3')
INSERT dbo.CHINHANH(ID, DiaChi) VALUES (N'CN937535', N'12 Hải Triều, phường 1, Quận 8')
INSERT dbo.CHINHANH(ID, DiaChi) VALUES (N'CN842012', NULL)
INSERT dbo.CHINHANH(ID, DiaChi) VALUES (N'CN264379', N'1 Nguyễn Du, phường 4, Quận 6')
INSERT dbo.CHINHANH(ID, DiaChi) VALUES (N'CN910881', N'69 Trần Quốc Toản, phường 4, Quận 5')
INSERT dbo.CHINHANH(ID, DiaChi) VALUES (N'CN311698', N'86 Lê Anh Xuân, phường 6, Quận 8')
INSERT dbo.CHINHANH(ID, DiaChi) VALUES (N'CN261764', N'78 Hoàng Hoa Thám, phường 8, Quận 8')
INSERT dbo.CHINHANH(ID, DiaChi) VALUES (N'CN436558', N'29 Phó Cơ Điều, phường 3, Quận 9')
INSERT dbo.CHINHANH(ID, DiaChi) VALUES (N'CN481488', N'1 Lê Anh Xuân, phường 2, Quận 6')
INSERT dbo.CHINHANH(ID, DiaChi) VALUES (N'CN266420', N'3 Tôn Đức Thắng, phường 9, Quận 7')
INSERT dbo.CHINHANH(ID, DiaChi) VALUES (N'CN994545', N'8 Điện Biên Phủ, phường 2, Quận 4')
INSERT dbo.CHINHANH(ID, DiaChi) VALUES (N'CN347797', N'875 Hoàng Hoa Thám, phường Phước Bình, Quận 8')
INSERT dbo.CHINHANH(ID, DiaChi) VALUES (N'CN870268', N'25 Hai Bà Trưng, phường 7, Quận 7')
INSERT dbo.CHINHANH(ID, DiaChi) VALUES (N'CN755976', N'54 Bá Lê Chân, phường 7, Quận Thủ Đức')
INSERT dbo.CHINHANH(ID, DiaChi) VALUES (N'CN759552', N'40 Hoàng Hoa Thám, phường 9, Quận 6')
INSERT dbo.CHINHANH(ID, DiaChi) VALUES (N'CN897612', N'396 Hai Bà Trưng, phường 1, Quận 2')
INSERT dbo.CHINHANH(ID, DiaChi) VALUES (N'CN254970', N'6 Nguyễn Trãi, phường 4, Quận 7')
INSERT dbo.CHINHANH(ID, DiaChi) VALUES (N'CN818440', N'809 Lê Lợi, phường 9, Quận 11')
INSERT dbo.CHINHANH(ID, DiaChi) VALUES (N'CN626869', N'58 Lê Thị Hồng Gấm, phường 8, Quận 5')
INSERT dbo.CHINHANH(ID, DiaChi) VALUES (N'CN299474', N'239 Trần Quốc Toản, phường 5, Quận 2')
INSERT dbo.CHINHANH(ID, DiaChi) VALUES (N'CN938787', NULL)
INSERT dbo.CHINHANH(ID, DiaChi) VALUES (N'CN098753', N'70 Nguyễn Quang Diêu, phường 1, Quận 4')
INSERT dbo.CHINHANH(ID, DiaChi) VALUES (N'CN182138', N'442 Đồng Khởi, phường 9, Quận 9')
INSERT dbo.CHINHANH(ID, DiaChi) VALUES (N'CN406431', N'09 Nguyễn Du, phường 1, Quận 5')
INSERT dbo.CHINHANH(ID, DiaChi) VALUES (N'CN229245', N'605 Hoàng Hoa Thám, phường 7, Quận 6')
INSERT dbo.CHINHANH(ID, DiaChi) VALUES (N'CN473799', NULL)
INSERT dbo.CHINHANH(ID, DiaChi) VALUES (N'CN990706', N'564 Lê Thị Hồng Gấm, phường 4, Quận 8')
INSERT dbo.CHINHANH(ID, DiaChi) VALUES (N'CN157426', N'69 Nguyễn Quang Diêu, phường Hòa Long, Quận Thủ Đứ')
INSERT dbo.CHINHANH(ID, DiaChi) VALUES (N'CN465376', N'185 Lê Anh Xuân, phường 8, Quận 3')
INSERT dbo.CHINHANH(ID, DiaChi) VALUES (N'CN972872', N'39 Trường Sa, phường 9, Quận 3')
INSERT dbo.CHINHANH(ID, DiaChi) VALUES (N'CN657483', N'69 Lý Tự Trọng, phường 9, Quận 8')
INSERT dbo.CHINHANH(ID, DiaChi) VALUES (N'CN466392', N'90 Gia Long, phường 4, Quận 4')
INSERT dbo.CHINHANH(ID, DiaChi) VALUES (N'CN980953', N'2 Hoàng Văn Thụ, phường 1, Quận 6')
INSERT dbo.CHINHANH(ID, DiaChi) VALUES (N'CN015322', N'1 Phó Cơ Điều, phường 5, Quận 8')
INSERT dbo.CHINHANH(ID, DiaChi) VALUES (N'CN824810', N'94 Nguyễn Quang Diêu, phường 5, Quận 3')
INSERT dbo.CHINHANH(ID, DiaChi) VALUES (N'CN964504', NULL)
INSERT dbo.CHINHANH(ID, DiaChi) VALUES (N'CN598717', N'43 Chương Dương, phường 8, Quận 9')
INSERT dbo.CHINHANH(ID, DiaChi) VALUES (N'CN921010', N'819 Trần Quốc Toản, phường 4, Quận 6')
INSERT dbo.CHINHANH(ID, DiaChi) VALUES (N'CN695510', N'84 Lê Anh Xuân, phường 1, Quận 4')
INSERT dbo.CHINHANH(ID, DiaChi) VALUES (N'CN042491', N'514 Lê Thị Riêng, phường 7, Quận 8')
INSERT dbo.CHINHANH(ID, DiaChi) VALUES (N'CN195417', N'805 Bá Lê Chân, phường 1, Quận 9')
INSERT dbo.CHINHANH(ID, DiaChi) VALUES (N'CN325141', N'82 Chương Dương, phường 8, Quận 2')
INSERT dbo.CHINHANH(ID, DiaChi) VALUES (N'CN996549', N'54 Tự Do, phường 2, Quận Bình Thạnh')
INSERT dbo.CHINHANH(ID, DiaChi) VALUES (N'CN223300', N'00 Lê La, phường 2, Quận Tân Bình')
GO

--
-- Inserting data into table dbo.DONHANG
--
INSERT dbo.DONHANG(DonHangID, PhiVanChuyen, HinhThucTT, DiaChi, TinhTrang) VALUES ('DH033519', 0, 0, N'7 Xa Lộ Hà Nội, phường 7, Quận 1', 2)
INSERT dbo.DONHANG(DonHangID, PhiVanChuyen, HinhThucTT, DiaChi, TinhTrang) VALUES ('DH856233', 0, 1, N'703 Trần Quốc Toản, phường 8, Quận 6', 2)
INSERT dbo.DONHANG(DonHangID, PhiVanChuyen, HinhThucTT, DiaChi, TinhTrang) VALUES ('DH180628', 0, 1, N'8 Nguyễn Trãi, phường Bình Khánh, Quận Tân Bình', 4)
INSERT dbo.DONHANG(DonHangID, PhiVanChuyen, HinhThucTT, DiaChi, TinhTrang) VALUES ('DH462591', 0, 1, N'19 Võ Trưởng Toản, phường 6, Quận 8', 4)
INSERT dbo.DONHANG(DonHangID, PhiVanChuyen, HinhThucTT, DiaChi, TinhTrang) VALUES ('DH254575', 0, 0, N'808 Lê La, phường 0, Quận 7', 2)
INSERT dbo.DONHANG(DonHangID, PhiVanChuyen, HinhThucTT, DiaChi, TinhTrang) VALUES ('DH792047', 0, 1, N'9 Gia Long, phường 4, Quận 2', 4)
INSERT dbo.DONHANG(DonHangID, PhiVanChuyen, HinhThucTT, DiaChi, TinhTrang) VALUES ('DH401013', 0, 1, N'644 Lê La, phường 8, Quận 2', 1)
INSERT dbo.DONHANG(DonHangID, PhiVanChuyen, HinhThucTT, DiaChi, TinhTrang) VALUES ('DH732332', 0, 1, N'98 Đặng Thai Mai, phường 5, Quận Phú Nhuận', 0)
INSERT dbo.DONHANG(DonHangID, PhiVanChuyen, HinhThucTT, DiaChi, TinhTrang) VALUES ('DH016123', 0, 1, N'86 Lý Thường Kiệt, phường 4, Quận 9', 2)
INSERT dbo.DONHANG(DonHangID, PhiVanChuyen, HinhThucTT, DiaChi, TinhTrang) VALUES ('DH626202', 0, 0, N'5 Hoàng Văn Thụ, phường 1, Quận 2', 3)
INSERT dbo.DONHANG(DonHangID, PhiVanChuyen, HinhThucTT, DiaChi, TinhTrang) VALUES ('DH728959', 0, 1, N'57 Nguyễn Huệ, phường 0, Quận 5', 0)
INSERT dbo.DONHANG(DonHangID, PhiVanChuyen, HinhThucTT, DiaChi, TinhTrang) VALUES ('DH887680', 0, 0, N'1 Nguyễn Huệ, phường 4, Quận Bình Tân', 4)
INSERT dbo.DONHANG(DonHangID, PhiVanChuyen, HinhThucTT, DiaChi, TinhTrang) VALUES ('DH476875', 0, 0, N'695 Chương Dương, phường 1, Quận Phú Nhuận', 0)
INSERT dbo.DONHANG(DonHangID, PhiVanChuyen, HinhThucTT, DiaChi, TinhTrang) VALUES ('DH737576', 0, 0, N'41 Đống Đa, phường 4, Quận 6', 1)
INSERT dbo.DONHANG(DonHangID, PhiVanChuyen, HinhThucTT, DiaChi, TinhTrang) VALUES ('DH162808', 0, 1, N'43 Cao Bá Quát, phường 0, Quận 9', 3)
INSERT dbo.DONHANG(DonHangID, PhiVanChuyen, HinhThucTT, DiaChi, TinhTrang) VALUES ('DH689028', 0, 0, N'61 Đinh Công Tráng, phường 6, Quận 5', 4)
INSERT dbo.DONHANG(DonHangID, PhiVanChuyen, HinhThucTT, DiaChi, TinhTrang) VALUES ('DH632063', 0, 0, N'940 Nguyễn Đình Chính, phường 4, Quận 1', 3)
INSERT dbo.DONHANG(DonHangID, PhiVanChuyen, HinhThucTT, DiaChi, TinhTrang) VALUES ('DH775217', 0, 1, N'429 Mạc Đĩnh Chi, phường 0, Quận Bình Thạnh', 3)
INSERT dbo.DONHANG(DonHangID, PhiVanChuyen, HinhThucTT, DiaChi, TinhTrang) VALUES ('DH491143', 0, 1, N'96 Lê Duẩn, phường 9, Quận 4', 4)
INSERT dbo.DONHANG(DonHangID, PhiVanChuyen, HinhThucTT, DiaChi, TinhTrang) VALUES ('DH510706', 0, 0, N'565 Ngô Thì Nhậm, phường 6, Quận 7', 0)
INSERT dbo.DONHANG(DonHangID, PhiVanChuyen, HinhThucTT, DiaChi, TinhTrang) VALUES ('DH719958', 0, 1, N'54 Lê Văn Duyệt, phường 8, Quận 7', 0)
INSERT dbo.DONHANG(DonHangID, PhiVanChuyen, HinhThucTT, DiaChi, TinhTrang) VALUES ('DH058395', 0, 0, N'8 Võ Trưởng Toản, phường 9, Quận 5', 4)
INSERT dbo.DONHANG(DonHangID, PhiVanChuyen, HinhThucTT, DiaChi, TinhTrang) VALUES ('DH556519', 0, 1, N'55 Nguyễn Trãi, phường 1, Quận Gò Vấp', 1)
INSERT dbo.DONHANG(DonHangID, PhiVanChuyen, HinhThucTT, DiaChi, TinhTrang) VALUES ('DH258634', 0, 1, N'36 Tự Do, phường 1, Quận 4', 3)
INSERT dbo.DONHANG(DonHangID, PhiVanChuyen, HinhThucTT, DiaChi, TinhTrang) VALUES ('DH413038', 0, 0, N'2 Võ Trưởng Toản, phường 6, Quận Gò Vấp', 4)
INSERT dbo.DONHANG(DonHangID, PhiVanChuyen, HinhThucTT, DiaChi, TinhTrang) VALUES ('DH079303', 0, NULL, N'9 Nguyễn Công Trứ, phường Bình Đức, Quận Phú Nhuận', 4)
INSERT dbo.DONHANG(DonHangID, PhiVanChuyen, HinhThucTT, DiaChi, TinhTrang) VALUES ('DH873023', 0, 1, N'502 Lê Lợi, phường 7, Quận 8', 0)
INSERT dbo.DONHANG(DonHangID, PhiVanChuyen, HinhThucTT, DiaChi, TinhTrang) VALUES ('DH618964', 0, 1, N'13 Đào Duy Tân, phường 3, Quận 4', 2)
INSERT dbo.DONHANG(DonHangID, PhiVanChuyen, HinhThucTT, DiaChi, TinhTrang) VALUES ('DH169299', 0, NULL, N'98 Hoàng Văn Thụ, phường 6, Quận 2', 3)
INSERT dbo.DONHANG(DonHangID, PhiVanChuyen, HinhThucTT, DiaChi, TinhTrang) VALUES ('DH677514', 0, 1, N'69 Nguyễn Quang Diêu, phường 3, Quận 9', 2)
INSERT dbo.DONHANG(DonHangID, PhiVanChuyen, HinhThucTT, DiaChi, TinhTrang) VALUES ('DH736302', 0, 0, N'35 Nguyễn Huệ, phường 1, Quận 6', 3)
INSERT dbo.DONHANG(DonHangID, PhiVanChuyen, HinhThucTT, DiaChi, TinhTrang) VALUES ('DH982612', 0, 0, N'550 Võ Trưởng Toản, phường 3, Quận 1', 2)
INSERT dbo.DONHANG(DonHangID, PhiVanChuyen, HinhThucTT, DiaChi, TinhTrang) VALUES ('DH253777', 0, 0, N'26 Mạc Đĩnh Chi, phường 0, Quận 1', 0)
INSERT dbo.DONHANG(DonHangID, PhiVanChuyen, HinhThucTT, DiaChi, TinhTrang) VALUES ('DH669705', 0, 0, N'04 Lê Duẩn, phường Long Bình, Quận 1', 2)
INSERT dbo.DONHANG(DonHangID, PhiVanChuyen, HinhThucTT, DiaChi, TinhTrang) VALUES ('DH560846', 0, 1, N'618 Lê Anh Xuân, phường 4, Quận 3', 4)
INSERT dbo.DONHANG(DonHangID, PhiVanChuyen, HinhThucTT, DiaChi, TinhTrang) VALUES ('DH344651', 0, 1, N'406 Hải Triều, phường 8, Quận 3', 4)
INSERT dbo.DONHANG(DonHangID, PhiVanChuyen, HinhThucTT, DiaChi, TinhTrang) VALUES ('DH437514', 0, 0, N'406 Nguyễn Cảnh Chân, phường 6, Quận 3', 1)
INSERT dbo.DONHANG(DonHangID, PhiVanChuyen, HinhThucTT, DiaChi, TinhTrang) VALUES ('DH325856', 0, 1, N'88 Đào Duy Tân, phường 8, Quận 6', 1)
INSERT dbo.DONHANG(DonHangID, PhiVanChuyen, HinhThucTT, DiaChi, TinhTrang) VALUES ('DH458781', 0, 0, N'4 Chu Mạnh Trinh, phường 0, Quận Tân Bình', 4)
INSERT dbo.DONHANG(DonHangID, PhiVanChuyen, HinhThucTT, DiaChi, TinhTrang) VALUES ('DH575158', 0, 0, N'58 Hoàng Sa, phường 9, Quận 8', 2)
INSERT dbo.DONHANG(DonHangID, PhiVanChuyen, HinhThucTT, DiaChi, TinhTrang) VALUES ('DH275429', 0, 1, N'48 Cách mạng Tháng Tám, phường 6, Quận 6', 4)
INSERT dbo.DONHANG(DonHangID, PhiVanChuyen, HinhThucTT, DiaChi, TinhTrang) VALUES ('DH791485', 0, 0, N'1 Lê Thị Hồng Gấm, phường 8, Quận 8', 0)
INSERT dbo.DONHANG(DonHangID, PhiVanChuyen, HinhThucTT, DiaChi, TinhTrang) VALUES ('DH635270', 0, 0, N'65 Hàm Thuyên, phường 8, Quận 2', 3)
INSERT dbo.DONHANG(DonHangID, PhiVanChuyen, HinhThucTT, DiaChi, TinhTrang) VALUES ('DH240248', 0, 1, N'29 Lê Công Kiều, phường 9, Quận 4', 1)
INSERT dbo.DONHANG(DonHangID, PhiVanChuyen, HinhThucTT, DiaChi, TinhTrang) VALUES ('DH492239', 0, 0, N'35 Lê Duẩn, phường 9, Quận 1', 2)
INSERT dbo.DONHANG(DonHangID, PhiVanChuyen, HinhThucTT, DiaChi, TinhTrang) VALUES ('DH493908', 0, 0, N'10 Đồng Khởi, phường 6, Quận 2', 0)
INSERT dbo.DONHANG(DonHangID, PhiVanChuyen, HinhThucTT, DiaChi, TinhTrang) VALUES ('DH801115', 0, 1, N'5 Lê Anh Xuân, phường 1, Quận 5', 1)
INSERT dbo.DONHANG(DonHangID, PhiVanChuyen, HinhThucTT, DiaChi, TinhTrang) VALUES ('DH761339', 0, 1, N'63 Bá Lê Chân, phường 4, Quận 9', 1)
INSERT dbo.DONHANG(DonHangID, PhiVanChuyen, HinhThucTT, DiaChi, TinhTrang) VALUES ('DH662839', 0, 1, N'9 Nguyễn Đình Chính, phường 4, Quận Tân Phú', 1)
INSERT dbo.DONHANG(DonHangID, PhiVanChuyen, HinhThucTT, DiaChi, TinhTrang) VALUES ('DH240415', 0, 0, N'78 Lý Thường Kiệt, phường 6, Quận 8', 2)
GO

--
-- Inserting data into table dbo.KHACHHANG
--
INSERT dbo.KHACHHANG(ID, HoTen, DienThoai, DiaChi, Email) VALUES (N'KH689316', N'Nguyễn Trung Thái', '0787410804', N'15 Võ Thị Sáu, phường 8, Quận 7', 'Willett6@nowhere.com')
INSERT dbo.KHACHHANG(ID, HoTen, DienThoai, DiaChi, Email) VALUES (N'KH513798', N'Dương Dương Nhi', '0451722944', N'93 Lê La, phường 7, Quận 6', 'Tempie_Means@nowhere.com')
INSERT dbo.KHACHHANG(ID, HoTen, DienThoai, DiaChi, Email) VALUES (N'KH795314', NULL, '0800925459', N'8 Xa Lộ Hà Nội, phường 0, Quận 8', NULL)
INSERT dbo.KHACHHANG(ID, HoTen, DienThoai, DiaChi, Email) VALUES (N'KH938657', NULL, '0955225713', N'656 Tự Do, phường 1, Quận 3', NULL)
INSERT dbo.KHACHHANG(ID, HoTen, DienThoai, DiaChi, Email) VALUES (N'KH428060', N'Phùng Ngọc Bách', '0873966632', N'84 Mã Lộ, phường 0, Quận 2', 'Abbie_Kroll762@example.com')
INSERT dbo.KHACHHANG(ID, HoTen, DienThoai, DiaChi, Email) VALUES (N'KH946214', N'Phùng Trần Tuyết', '0108358468', N'4 Võ Trưởng Toản, phường 6, Quận 3', 'Varney@nowhere.com')
INSERT dbo.KHACHHANG(ID, HoTen, DienThoai, DiaChi, Email) VALUES (N'KH567219', N'Phùng Thị Trịnh Trung', '0862702937', N'833 Nguyễn Cảnh Chân, phường 8, Quận 6', 'AllanOconner@example.com')
INSERT dbo.KHACHHANG(ID, HoTen, DienThoai, DiaChi, Email) VALUES (N'KH336353', N'Hồ Khánh Thái', '0126985059', N'0 Bá Lê Chân, phường Vĩnh Phú, Quận 6', 'ntsrxqve_lbqpg@example.com')
INSERT dbo.KHACHHANG(ID, HoTen, DienThoai, DiaChi, Email) VALUES (N'KH924632', N'Trịnh Trung Vĩnh', '0691673328', N'1 Nguyễn Trãi, phường 8, Quận 9', 'Whitehead356@example.com')
INSERT dbo.KHACHHANG(ID, HoTen, DienThoai, DiaChi, Email) VALUES (N'KH129598', N'Huỳnh Trần Tùng', '0922104500', N'6 Gia Long, phường 5, Quận 2', 'HurdE@example.com')
INSERT dbo.KHACHHANG(ID, HoTen, DienThoai, DiaChi, Email) VALUES (N'KH274261', N'Dương Trịnh Hữu', '0476554828', N'93 Đống Đa, phường 7, Quận 1', 'tllnvs9090@example.com')
INSERT dbo.KHACHHANG(ID, HoTen, DienThoai, DiaChi, Email) VALUES (N'KH767848', NULL, '0560160459', N'54 Mã Lộ, phường 4, Quận 4', NULL)
INSERT dbo.KHACHHANG(ID, HoTen, DienThoai, DiaChi, Email) VALUES (N'KH201645', N'Nguyễn Bùi Châu', '0119993237', N'9 Hoàng Văn Thụ, phường 0, Quận 9', 'Lennon96@example.com')
INSERT dbo.KHACHHANG(ID, HoTen, DienThoai, DiaChi, Email) VALUES (N'KH807380', N'Nguyễn Khánh Tình', '0361219095', N'05 Chương Dương, phường 2, Quận 6', 'Adalberto.Fox41@example.com')
INSERT dbo.KHACHHANG(ID, HoTen, DienThoai, DiaChi, Email) VALUES (N'KH222965', N'Tô Thị Trịnh Chi', '0423097612', N'54 Hàm Thuyên, phường 8, Quận 8', 'Woodbury@example.com')
INSERT dbo.KHACHHANG(ID, HoTen, DienThoai, DiaChi, Email) VALUES (N'KH739313', N'Kim Hoàng Tình', '0783292984', N'16 Tự Do, phường 9, Quận 6', 'Pennington494@example.com')
INSERT dbo.KHACHHANG(ID, HoTen, DienThoai, DiaChi, Email) VALUES (N'KH607613', N'Phùng Trung Nga', '0385042703', N'75 Nguyễn Trãi, phường 5, Quận 4', 'KenethGee@example.com')
INSERT dbo.KHACHHANG(ID, HoTen, DienThoai, DiaChi, Email) VALUES (N'KH991778', N'Bùi Thị Lê Tú', '0546025582', N'7 Ngô Thì Nhậm, phường 6, Quận 4', 'Newton_Martins@example.com')
INSERT dbo.KHACHHANG(ID, HoTen, DienThoai, DiaChi, Email) VALUES (N'KH036275', N'Bùi Thị Hoàng Khiêm', '0109208437', N'1 Lê La, phường 9, Quận 9', 'bidysns0@example.com')
INSERT dbo.KHACHHANG(ID, HoTen, DienThoai, DiaChi, Email) VALUES (N'KH877854', N'Lê Thị Hoàng Thương', '0217765278', N'0 Phạm Hồng Thái, phường An Thạnh, Quận 3', 'Valentin@example.com')
INSERT dbo.KHACHHANG(ID, HoTen, DienThoai, DiaChi, Email) VALUES (N'KH121363', N'Ân Trần Tú', '0950604164', N'25 Mã Lộ, phường 5, Quận 4', 'Elrod67@nowhere.com')
INSERT dbo.KHACHHANG(ID, HoTen, DienThoai, DiaChi, Email) VALUES (N'KH548937', N'Tô Trịnh Hà', '0949888616', N'8 Lê Công Kiều, phường 4, Quận 5', 'Adena.Flynn8@example.com')
INSERT dbo.KHACHHANG(ID, HoTen, DienThoai, DiaChi, Email) VALUES (N'KH182738', N'Vũ Ngọc Hào', '0161955138', N'38 Nguyễn Đình Chiểu, phường 2, Quận 8', 'Lombardo@example.com')
INSERT dbo.KHACHHANG(ID, HoTen, DienThoai, DiaChi, Email) VALUES (N'KH780206', N'Lâm Trần Nhung', '0869816953', N'29 Đống Đa, phường 0, Quận 6', 'Ezequiel.Cummings@example.com')
INSERT dbo.KHACHHANG(ID, HoTen, DienThoai, DiaChi, Email) VALUES (N'KH017431', N'Khương Trịnh Phường', '0472986037', N'53 Lê La, phường 6, Quận Bình Tân', 'Lewandowski79@example.com')
INSERT dbo.KHACHHANG(ID, HoTen, DienThoai, DiaChi, Email) VALUES (N'KH687796', N'Hồ Thị Trịnh Duy', '0754358110', NULL, 'BobetteBain@example.com')
INSERT dbo.KHACHHANG(ID, HoTen, DienThoai, DiaChi, Email) VALUES (N'KH411274', NULL, '0318836226', N'94 Cao Bá Quát, phường Quang Trung, Quận 7', NULL)
INSERT dbo.KHACHHANG(ID, HoTen, DienThoai, DiaChi, Email) VALUES (N'KH831696', N'Dương Nguyễn Thư', '0513452232', NULL, 'Criswell@nowhere.com')
INSERT dbo.KHACHHANG(ID, HoTen, DienThoai, DiaChi, Email) VALUES (N'KH227957', N'Lê Thị Hoàng Yến', '0192172498', N'0 Võ Thị Sáu, phường Thanh Hải, Quận 6', 'MilfordWBarbosa1@nowhere.com')
INSERT dbo.KHACHHANG(ID, HoTen, DienThoai, DiaChi, Email) VALUES (N'KH352079', N'Dương Trần Hoàng', '0341367075', N'64 Tự Do, phường 5, Quận 2', 'IleneBynum@example.com')
INSERT dbo.KHACHHANG(ID, HoTen, DienThoai, DiaChi, Email) VALUES (N'KH841446', N'Bùi Anh Ngọc', '0167063908', N'1 Lê Quý Đôn, phường 4, Quận 3', 'Abernathy@nowhere.com')
INSERT dbo.KHACHHANG(ID, HoTen, DienThoai, DiaChi, Email) VALUES (N'KH485799', N'Huỳnh Ngọc Hân', '0135082107', N'697 Đinh Công Tráng, phường 7, Quận 9', 'rouqq3066@nowhere.com')
INSERT dbo.KHACHHANG(ID, HoTen, DienThoai, DiaChi, Email) VALUES (N'KH396892', NULL, '0469565538', N'0 Võ Trưởng Toản, phường 8, Quận 4', NULL)
INSERT dbo.KHACHHANG(ID, HoTen, DienThoai, DiaChi, Email) VALUES (N'KH208447', N'Ân Thị Trần Hoàng', '0199036667', N'66 Cách mạng Tháng Tám, phường 1, Quận 12', 'BrunoAltman94@nowhere.com')
INSERT dbo.KHACHHANG(ID, HoTen, DienThoai, DiaChi, Email) VALUES (N'KH120526', N'Phùng Minh Bách', '0726739702', N'28 Mạc Thị Bưởi, phường 6, Quận 6', 'HolderV@nowhere.com')
INSERT dbo.KHACHHANG(ID, HoTen, DienThoai, DiaChi, Email) VALUES (N'KH287431', N'Lê Trần Khiêm', '0717784535', N'45 Lê Anh Xuân, phường 3, Quận 9', 'JeannieAbney@nowhere.com')
INSERT dbo.KHACHHANG(ID, HoTen, DienThoai, DiaChi, Email) VALUES (N'KH895657', N'Triệu Hoàng Ánh', '0357646583', N'5 Hàm Thuyên, phường 0, Quận 6', 'AgnusAli@nowhere.com')
INSERT dbo.KHACHHANG(ID, HoTen, DienThoai, DiaChi, Email) VALUES (N'KH189574', N'Phùng Thị Bùi Can', '0147561682', N'57 Tự Do, phường Rạch Dừa, Quận Tân Bình', 'Shannon@nowhere.com')
INSERT dbo.KHACHHANG(ID, HoTen, DienThoai, DiaChi, Email) VALUES (N'KH429242', N'Cao Thị Trần Kiên', '0633026740', N'4 Bùi Thị Xuân, phường 4, Quận 2', 'Cornell255@example.com')
INSERT dbo.KHACHHANG(ID, HoTen, DienThoai, DiaChi, Email) VALUES (N'KH849119', N'Dương Hoàng Khiêm', '0590766093', N'9 Nguyễn Đình Chiểu, phường 4, Quận 5', 'ShizueCambell85@example.com')
INSERT dbo.KHACHHANG(ID, HoTen, DienThoai, DiaChi, Email) VALUES (N'KH599821', N'Bùi Hoàng Tân', '0819010567', N'356 Nguyễn Đình Chính, phường 3, Quận 5', 'Clair_Dorsey@example.com')
INSERT dbo.KHACHHANG(ID, HoTen, DienThoai, DiaChi, Email) VALUES (N'KH902610', N'Trần Trần Trúc', '0811862593', N'99 Lê Lợi, phường 8, Quận 9', 'Carey@nowhere.com')
INSERT dbo.KHACHHANG(ID, HoTen, DienThoai, DiaChi, Email) VALUES (N'KH668493', N'Nguyễn Anh Châu', '0223255488', N'873 Nguyễn Huệ, phường 3, Quận Bình Thạnh', 'LouisGross396@example.com')
INSERT dbo.KHACHHANG(ID, HoTen, DienThoai, DiaChi, Email) VALUES (N'KH800875', N'Tô Trần Hân', '0271429684', N'47 Nguyễn Quang Diêu, phường 8, Quận 6', 'Gagne@example.com')
INSERT dbo.KHACHHANG(ID, HoTen, DienThoai, DiaChi, Email) VALUES (N'KH138265', N'Tô Trung Bão', '0435682862', N'9 Gia Long, phường 5, Quận 2', 'Bourne1@example.com')
INSERT dbo.KHACHHANG(ID, HoTen, DienThoai, DiaChi, Email) VALUES (N'KH706504', N'Hồ Trần Vĩnh', '0199807869', NULL, 'WilburnDiehl75@nowhere.com')
INSERT dbo.KHACHHANG(ID, HoTen, DienThoai, DiaChi, Email) VALUES (N'KH700813', N'Triệu Dương Tuyết', '0404595638', N'1 Nguyễn Trãi, phường 7, Quận 9', 'DelmySchuler94@example.com')
INSERT dbo.KHACHHANG(ID, HoTen, DienThoai, DiaChi, Email) VALUES (N'KH538849', N'Trịnh Trịnh Tí', '0918320393', N'92 Phạm Hồng Thái, phường 4, Quận 4', 'RudolphDejesus593@nowhere.com')
INSERT dbo.KHACHHANG(ID, HoTen, DienThoai, DiaChi, Email) VALUES (N'KH208913', N'Kim Thị Dương Thắm', '0213146110', N'216 Tự Do, phường 8, Quận 4', 'BeckyK_Gaddis@example.com')
INSERT dbo.KHACHHANG(ID, HoTen, DienThoai, DiaChi, Email) VALUES (N'KH351543', N'Huỳnh Khánh Tuấn', '0860558819', N'5 Lê Thị Riêng, phường 1, Quận 5', 'Theodora.Stock@example.com')
GO

--
-- Inserting data into table dbo.NHANVIEN
--
INSERT dbo.NHANVIEN(NhanVienID, TenNV, DiaChi, SoDienThoai, Email) VALUES (N'NV252802', N'Cao Hoàng Ánh', N'73 Võ Trưởng Toản, phường 0, Quận 3', '0263822463', 'nubfsafr1@example.com')
INSERT dbo.NHANVIEN(NhanVienID, TenNV, DiaChi, SoDienThoai, Email) VALUES (N'NV823263', N'Nguyễn Thị Anh Hoàng', NULL, '0985648168', 'Phan@example.com')
INSERT dbo.NHANVIEN(NhanVienID, TenNV, DiaChi, SoDienThoai, Email) VALUES (N'NV378279', N'Lâm Trung Trúc', N'92 Hàm Nghi, phường 8, Quận 4', '0830350680', 'ClarissaCraven65@example.com')
INSERT dbo.NHANVIEN(NhanVienID, TenNV, DiaChi, SoDienThoai, Email) VALUES (N'NV728570', N'Phùng Minh Ngân', N'8 Phạm Hồng Thái, phường 8, Quận 2', '0304678290', 'Reginald_Vanmeter@example.com')
INSERT dbo.NHANVIEN(NhanVienID, TenNV, DiaChi, SoDienThoai, Email) VALUES (N'NV608301', N'Phùng Trần Xuân', N'6 Lê Anh Xuân, phường 8, Quận 5', NULL, 'czder3807@example.com')
INSERT dbo.NHANVIEN(NhanVienID, TenNV, DiaChi, SoDienThoai, Email) VALUES (N'NV206907', N'Trần Thị Hoàng Đức', N'87 Võ Thị Sáu, phường 7, Quận 8', '0670596731', NULL)
INSERT dbo.NHANVIEN(NhanVienID, TenNV, DiaChi, SoDienThoai, Email) VALUES (N'NV539727', N'Ân Bùi Phú', N'6 Đồng Khởi, phường 9, Quận 4', NULL, 'Lois.Counts@nowhere.com')
INSERT dbo.NHANVIEN(NhanVienID, TenNV, DiaChi, SoDienThoai, Email) VALUES (N'NV892611', N'Hồ Anh Trâm', N'89 Hoàng Văn Thụ, phường 2, Quận 3', '0973985349', NULL)
INSERT dbo.NHANVIEN(NhanVienID, TenNV, DiaChi, SoDienThoai, Email) VALUES (N'NV711211', N'Ân Anh Trí', N'7 Hoàng Văn Thụ, phường 8, Quận 8', '0621673357', 'Corrigan29@example.com')
INSERT dbo.NHANVIEN(NhanVienID, TenNV, DiaChi, SoDienThoai, Email) VALUES (N'NV966491', N'Hồ Trần Vĩnh', N'367 Lê Công Kiều, phường 4, Quận 1', '0255616443', 'hwhe80@example.com')
INSERT dbo.NHANVIEN(NhanVienID, TenNV, DiaChi, SoDienThoai, Email) VALUES (N'NV228831', N'Tô Trần Tình', N'8 Hải Triều, phường 3, Quận 5', '0717094501', 'qhmokvl19@nowhere.com')
INSERT dbo.NHANVIEN(NhanVienID, TenNV, DiaChi, SoDienThoai, Email) VALUES (N'NV001071', N'Tô Trần Băng', N'37 Lê Anh Xuân, phường 0, Quận 2', '0468946583', 'Agripina.QBowden@example.com')
INSERT dbo.NHANVIEN(NhanVienID, TenNV, DiaChi, SoDienThoai, Email) VALUES (N'NV924280', N'Tô Thị Trần Tú', N'4 Đinh Công Tráng, phường 4, Quận 5', '0551110012', 'Gist33@example.com')
INSERT dbo.NHANVIEN(NhanVienID, TenNV, DiaChi, SoDienThoai, Email) VALUES (N'NV480015', N'Trần Lê Vy', N'71 Mạc Thị Bưởi, phường 0, Quận 1', '0242395096', 'DeonAbernathy18@example.com')
INSERT dbo.NHANVIEN(NhanVienID, TenNV, DiaChi, SoDienThoai, Email) VALUES (N'NV716519', N'Trịnh Anh Bảo', N'40 Võ Thị Sáu, phường 4, Quận 9', '0316669682', NULL)
INSERT dbo.NHANVIEN(NhanVienID, TenNV, DiaChi, SoDienThoai, Email) VALUES (N'NV294530', N'Dương Thị Hoàng Dũng', N'21 Hàm Thuyên, phường 0, Quận Bình Thạnh', '0526600386', 'Hensley837@example.com')
INSERT dbo.NHANVIEN(NhanVienID, TenNV, DiaChi, SoDienThoai, Email) VALUES (N'NV067121', N'Kim Trần Trúc', N'83 Tôn Đức Thắng, phường 5, Quận 3', '0926176290', 'JulianHutchinson6@example.com')
INSERT dbo.NHANVIEN(NhanVienID, TenNV, DiaChi, SoDienThoai, Email) VALUES (N'NV826681', N'Nguyễn Minh Thái', N'75 Tự Do, phường 2, Quận 3', NULL, 'Pelletier8@example.com')
INSERT dbo.NHANVIEN(NhanVienID, TenNV, DiaChi, SoDienThoai, Email) VALUES (N'NV775771', N'Triệu Thị Dương Chi', N'75 Bá Lê Chân, phường 6, Quận 2', '0671924726', 'vkwwgn2730@example.com')
INSERT dbo.NHANVIEN(NhanVienID, TenNV, DiaChi, SoDienThoai, Email) VALUES (N'NV665914', N'Huỳnh Lê Khôi', N'20 Nguyễn Trãi, phường Tô Châu, Quận Tân Bình', '0309563283', 'uqvvha5071@example.com')
INSERT dbo.NHANVIEN(NhanVienID, TenNV, DiaChi, SoDienThoai, Email) VALUES (N'NV536223', N'Khương Ngọc Bích', N'41 Hải Triều, phường 0, Quận Bình Tân', '0507295958', 'Tori.Bernal3@example.com')
INSERT dbo.NHANVIEN(NhanVienID, TenNV, DiaChi, SoDienThoai, Email) VALUES (N'NV199069', N'Nguyễn Ngọc Nghĩa', NULL, '0143563163', 'Truitt@nowhere.com')
INSERT dbo.NHANVIEN(NhanVienID, TenNV, DiaChi, SoDienThoai, Email) VALUES (N'NV412419', N'Trịnh Khánh Cường', NULL, '0938394469', 'Betsy_Clemons@nowhere.com')
INSERT dbo.NHANVIEN(NhanVienID, TenNV, DiaChi, SoDienThoai, Email) VALUES (N'NV200458', N'Lâm Lê Xuân', N'67 Lê Văn Duyệt, phường Bình Đức, Quận 6', '0497185796', NULL)
INSERT dbo.NHANVIEN(NhanVienID, TenNV, DiaChi, SoDienThoai, Email) VALUES (N'NV453981', N'Ân Dương Hà', N'1 Hoàng Sa, phường 6, Quận 8', '0698794767', 'LenLight@nowhere.com')
INSERT dbo.NHANVIEN(NhanVienID, TenNV, DiaChi, SoDienThoai, Email) VALUES (N'NV651501', N'Trịnh Thị Nguyễn Thư', N'6 Nguyễn Cảnh Chân, phường 2, Quận 1', '0146746311', 'mckxozlx.hxcmohzjjy@example.com')
INSERT dbo.NHANVIEN(NhanVienID, TenNV, DiaChi, SoDienThoai, Email) VALUES (N'NV507555', N'Nguyễn Thị Hoàng Bảo', N'55 Hàm Thuyên, phường 7, Quận 10', '0895173040', 'ElishaMa78@example.com')
INSERT dbo.NHANVIEN(NhanVienID, TenNV, DiaChi, SoDienThoai, Email) VALUES (N'NV413871', N'Cao Bùi Trí', N'13 Bá Lê Chân, phường 7, Quận 8', '0299918552', 'Meeks@nowhere.com')
INSERT dbo.NHANVIEN(NhanVienID, TenNV, DiaChi, SoDienThoai, Email) VALUES (N'NV029768', N'Dương Khánh Trung', N'93 Bá Lê Chân, phường 2, Quận 9', '0171594061', 'DrewTavares@example.com')
INSERT dbo.NHANVIEN(NhanVienID, TenNV, DiaChi, SoDienThoai, Email) VALUES (N'NV684999', N'Tô Trung Hồng', N'65 Bùi Viện, phường 8, Quận 9', '0141812534', 'Stevens5@nowhere.com')
INSERT dbo.NHANVIEN(NhanVienID, TenNV, DiaChi, SoDienThoai, Email) VALUES (N'NV211587', N'Hồ Trịnh Đức', N'83 Nguyễn Đình Chiểu, phường 7, Quận 4', '0969820650', 'sxdh1983@nowhere.com')
INSERT dbo.NHANVIEN(NhanVienID, TenNV, DiaChi, SoDienThoai, Email) VALUES (N'NV180635', N'Lê Dương Dũng', N'527 30/4, phường 4, Quận 4', '0803023123', 'Nealy@example.com')
INSERT dbo.NHANVIEN(NhanVienID, TenNV, DiaChi, SoDienThoai, Email) VALUES (N'NV097181', N'Phùng Hoàng Phúc', N'368 Xa Lộ Hà Nội, phường 4, Quận Tân Bình', '0279388844', 'Myung.Belton@example.com')
INSERT dbo.NHANVIEN(NhanVienID, TenNV, DiaChi, SoDienThoai, Email) VALUES (N'NV002095', N'Cao Ngọc Diệp', N'35 Lê Duẩn, phường 8, Quận 3', '0828490825', 'DarenX_Allan@example.com')
INSERT dbo.NHANVIEN(NhanVienID, TenNV, DiaChi, SoDienThoai, Email) VALUES (N'NV473927', N'Trịnh Ngọc Tuyết', N'58 Gia Long, phường 1, Quận 7', '0442562669', 'Ranae.Crouse9@nowhere.com')
INSERT dbo.NHANVIEN(NhanVienID, TenNV, DiaChi, SoDienThoai, Email) VALUES (N'NV741906', N'Trịnh Thị Trần Sương', N'48 Nguyễn Đình Chiểu, phường 4, Quận 3', '0315979591', 'Wilhite@nowhere.com')
INSERT dbo.NHANVIEN(NhanVienID, TenNV, DiaChi, SoDienThoai, Email) VALUES (N'NV008181', N'Lê Thị Trịnh Ý', N'9 Cách mạng Tháng Tám, phường 0, Quận 1', '0481957836', 'VincentTillman837@nowhere.com')
INSERT dbo.NHANVIEN(NhanVienID, TenNV, DiaChi, SoDienThoai, Email) VALUES (N'NV871724', N'Triệu Trần Ngọc', N'37 Trần Quốc Toản, phường 7, Quận 1', '0194011225', 'SvetlanaFredericks537@example.com')
INSERT dbo.NHANVIEN(NhanVienID, TenNV, DiaChi, SoDienThoai, Email) VALUES (N'NV722882', N'Dương Trịnh Trung', N'400 Nguyễn Quang Diêu, phường 6, Quận 9', '0375172939', 'xfwd52@example.com')
INSERT dbo.NHANVIEN(NhanVienID, TenNV, DiaChi, SoDienThoai, Email) VALUES (N'NV717030', N'Dương Hoàng Kiên', N'647 Đào Duy Tân, phường 4, Quận 9', '0107217261', 'ForestCota76@nowhere.com')
INSERT dbo.NHANVIEN(NhanVienID, TenNV, DiaChi, SoDienThoai, Email) VALUES (N'NV485580', N'Cao Minh Kiên', N'9 Lê Văn Duyệt, phường 4, Quận 2', '0513079702', 'Abel@nowhere.com')
INSERT dbo.NHANVIEN(NhanVienID, TenNV, DiaChi, SoDienThoai, Email) VALUES (N'NV642663', N'Lê Lê Phường', N'55 30/4, phường 5, Quận 1', NULL, 'SaxonU731@nowhere.com')
INSERT dbo.NHANVIEN(NhanVienID, TenNV, DiaChi, SoDienThoai, Email) VALUES (N'NV292670', N'Bùi Trung Ánh', N'56 Hàm Thuyên, phường 8, Quận 9', '0527550957', 'Melissia.A.Staton478@nowhere.com')
INSERT dbo.NHANVIEN(NhanVienID, TenNV, DiaChi, SoDienThoai, Email) VALUES (N'NV632834', N'Kim Trung Phúc', N'57 Võ Thị Sáu, phường 5, Quận 2', '0874768414', 'PhillipShorter1@nowhere.com')
INSERT dbo.NHANVIEN(NhanVienID, TenNV, DiaChi, SoDienThoai, Email) VALUES (N'NV712173', N'Kim Thị Anh Vĩnh', NULL, '0867017177', 'TroyMadrid1@example.com')
INSERT dbo.NHANVIEN(NhanVienID, TenNV, DiaChi, SoDienThoai, Email) VALUES (N'NV065923', N'Phùng Trịnh Phát', N'756 Bùi Viện, phường 7, Quận 1', '0502514849', 'Seaton@example.com')
INSERT dbo.NHANVIEN(NhanVienID, TenNV, DiaChi, SoDienThoai, Email) VALUES (N'NV949732', N'Vũ Trịnh Kiên', N'56 Lê La, phường 8, Quận 8', NULL, 'Gaither@nowhere.com')
INSERT dbo.NHANVIEN(NhanVienID, TenNV, DiaChi, SoDienThoai, Email) VALUES (N'NV433299', N'Triệu Dương Phúc', N'723 Lê La, phường 5, Quận 9', '0212287535', 'Andrews94@nowhere.com')
INSERT dbo.NHANVIEN(NhanVienID, TenNV, DiaChi, SoDienThoai, Email) VALUES (N'NV087216', N'Trịnh Anh Phát', N'63 Gia Long, phường 1, Quận 1', '0168911406', 'ekzxfmtc_uuhpfi@nowhere.com')
INSERT dbo.NHANVIEN(NhanVienID, TenNV, DiaChi, SoDienThoai, Email) VALUES (N'NV037787', N'Triệu Khánh Anh', N'40 Mạc Đĩnh Chi, phường 5, Quận Phú Nhuận', NULL, 'kkvdnvfv.itiocqdvsx@example.com')
GO

--
-- Inserting data into table dbo.QUANTRI
--
INSERT dbo.QUANTRI(QuanTriID, TenQTV, DiaChi, SoDienThoai, Email) VALUES (N'QT814656', N'Ân Thị Hoàng Vy', N'821 Hai Bà Trưng, phường Vĩnh Thanh, Quận 4', '0216101160', 'ArnoldG.Ambrose455@example.com')
INSERT dbo.QUANTRI(QuanTriID, TenQTV, DiaChi, SoDienThoai, Email) VALUES (N'QT896628', N'Kim Trung Đức', N'360 Đào Duy Tân, phường 2, Quận 2', '0931068069', NULL)
INSERT dbo.QUANTRI(QuanTriID, TenQTV, DiaChi, SoDienThoai, Email) VALUES (N'QT849733', N'Bùi Minh Bách', N'3 Nguyễn Công Trứ, phường 6, Quận 7', '0140395379', 'Whitman9@example.com')
INSERT dbo.QUANTRI(QuanTriID, TenQTV, DiaChi, SoDienThoai, Email) VALUES (N'QT433725', N'Dương Thị Bùi Tí', N'8 Lê Thị Hồng Gấm, phường 0, Quận 2', '0674470917', 'Stacey85@nowhere.com')
INSERT dbo.QUANTRI(QuanTriID, TenQTV, DiaChi, SoDienThoai, Email) VALUES (N'QT272247', N'Nguyễn Anh Phong', N'30 Hàm Nghi, phường 5, Quận 5', '0928659786', 'Lutz438@nowhere.com')
INSERT dbo.QUANTRI(QuanTriID, TenQTV, DiaChi, SoDienThoai, Email) VALUES (N'QT897331', N'Cao Thị Trịnh Duy', N'322 Đinh Công Tráng, phường 2, Quận 2', '0629876353', 'RegaladoO@example.com')
INSERT dbo.QUANTRI(QuanTriID, TenQTV, DiaChi, SoDienThoai, Email) VALUES (N'QT613520', N'Hồ Thị Trần Tình', N'97 Ngô Thì Nhậm, phường 5, Quận 4', NULL, 'Hyman@example.com')
INSERT dbo.QUANTRI(QuanTriID, TenQTV, DiaChi, SoDienThoai, Email) VALUES (N'QT905516', N'Lê Khánh Nga', N'37 Võ Thị Sáu, phường 8, Quận 8', '0586730720', 'KareemBinkley@example.com')
INSERT dbo.QUANTRI(QuanTriID, TenQTV, DiaChi, SoDienThoai, Email) VALUES (N'QT804438', N'Hồ Ngọc Tân', N'460 30/4, phường 9, Quận 9', '0242873755', 'Eda_Mallory577@example.com')
INSERT dbo.QUANTRI(QuanTriID, TenQTV, DiaChi, SoDienThoai, Email) VALUES (N'QT635016', N'Kim Thị Khánh Tâm', N'67 Hai Bà Trưng, phường 5, Quận 4', '0757950824', 'AguiarP@nowhere.com')
INSERT dbo.QUANTRI(QuanTriID, TenQTV, DiaChi, SoDienThoai, Email) VALUES (N'QT753445', N'Trịnh Lê Bích', NULL, '0823220700', 'RicardaNAndre@example.com')
INSERT dbo.QUANTRI(QuanTriID, TenQTV, DiaChi, SoDienThoai, Email) VALUES (N'QT395501', N'Tô Nguyễn Duy', N'39 Cao Thắng, phường 6, Quận 6', '0479499724', 'BannisterO485@example.com')
INSERT dbo.QUANTRI(QuanTriID, TenQTV, DiaChi, SoDienThoai, Email) VALUES (N'QT198021', N'Huỳnh Thị Nguyễn Bảo', N'31 Nguyễn Trãi, phường 9, Quận 4', '0750701450', 'MauricePepper949@example.com')
INSERT dbo.QUANTRI(QuanTriID, TenQTV, DiaChi, SoDienThoai, Email) VALUES (N'QT074303', N'Bùi Bùi Trâm', N'7 Hàm Thuyên, phường 9, Quận 4', '0164519226', 'Fay.Andres@example.com')
INSERT dbo.QUANTRI(QuanTriID, TenQTV, DiaChi, SoDienThoai, Email) VALUES (N'QT264126', N'Triệu Thị Lê Vĩnh', N'70 Nguyễn Huệ, phường 9, Quận 7', '0931346055', NULL)
INSERT dbo.QUANTRI(QuanTriID, TenQTV, DiaChi, SoDienThoai, Email) VALUES (N'QT888270', N'Trịnh Anh Thái', N'39 Lê Lợi, phường 4, Quận 5', '0972129992', 'Wade.H.Marx722@example.com')
INSERT dbo.QUANTRI(QuanTriID, TenQTV, DiaChi, SoDienThoai, Email) VALUES (N'QT762082', N'Trần Dương Nhung', N'0 Nguyễn Trãi, phường 1, Quận Tân Phú', '0643500821', 'zajvyfes_gigpanbvkz@example.com')
INSERT dbo.QUANTRI(QuanTriID, TenQTV, DiaChi, SoDienThoai, Email) VALUES (N'QT975035', N'Triệu Minh Thắm', N'68 Hai Bà Trưng, phường 1, Quận 3', '0292338233', 'jmcqy5@example.com')
INSERT dbo.QUANTRI(QuanTriID, TenQTV, DiaChi, SoDienThoai, Email) VALUES (N'QT307573', N'Hồ Dương Khiêm', N'28 Hoàng Văn Thụ, phường 3, Quận 4', '0627027632', NULL)
INSERT dbo.QUANTRI(QuanTriID, TenQTV, DiaChi, SoDienThoai, Email) VALUES (N'QT207439', N'Hồ Trần Cường', N'3 Hai Bà Trưng, phường 0, Quận 4', '0470663257', 'Acevedo733@example.com')
INSERT dbo.QUANTRI(QuanTriID, TenQTV, DiaChi, SoDienThoai, Email) VALUES (N'QT785714', N'Cao Khánh Hoàng', N'148 Gia Long, phường 9, Quận 1', '0353433959', 'Abreu@example.com')
INSERT dbo.QUANTRI(QuanTriID, TenQTV, DiaChi, SoDienThoai, Email) VALUES (N'QT393186', N'Cao Trung Anh', N'74 Lê Công Kiều, phường 6, Quận 5', '0296084966', 'Moeller@example.com')
INSERT dbo.QUANTRI(QuanTriID, TenQTV, DiaChi, SoDienThoai, Email) VALUES (N'QT082875', N'Lâm Trịnh Hân', NULL, '0714461581', 'Acker@example.com')
INSERT dbo.QUANTRI(QuanTriID, TenQTV, DiaChi, SoDienThoai, Email) VALUES (N'QT794706', N'Vũ Ngọc Hữu', N'70 Lý Thường Kiệt, phường 5, Quận 6', '0909506022', 'ElissaJacobs@example.com')
INSERT dbo.QUANTRI(QuanTriID, TenQTV, DiaChi, SoDienThoai, Email) VALUES (N'QT883511', N'Ân Nguyễn Hân', N'4 Trần Quốc Toản, phường 5, Quận 5', '0875539073', NULL)
INSERT dbo.QUANTRI(QuanTriID, TenQTV, DiaChi, SoDienThoai, Email) VALUES (N'QT094926', N'Cao Thị Trần Duy', N'03 Cao Thắng, phường 7, Quận 5', '0718165475', NULL)
INSERT dbo.QUANTRI(QuanTriID, TenQTV, DiaChi, SoDienThoai, Email) VALUES (N'QT885619', N'Dương Hoàng Bách', N'27 Lê Lợi, phường 2, Quận Tân Phú', NULL, 'rxrisnix_pmwl@nowhere.com')
INSERT dbo.QUANTRI(QuanTriID, TenQTV, DiaChi, SoDienThoai, Email) VALUES (N'QT728612', N'Lâm Thị Minh Dũng', N'07 Mã Lộ, phường 9, Quận Thủ Đức', '0456705412', 'gmfyejp7@example.com')
INSERT dbo.QUANTRI(QuanTriID, TenQTV, DiaChi, SoDienThoai, Email) VALUES (N'QT445021', N'Kim Thị Trịnh Thắm', N'7 Nguyễn Du, phường 0, Quận 6', '0269494969', 'FallonLane@example.com')
INSERT dbo.QUANTRI(QuanTriID, TenQTV, DiaChi, SoDienThoai, Email) VALUES (N'QT634537', N'Ân Thị Trịnh Tân', N'456 Điện Biên Phủ, phường 0, Quận Bình Thạnh', '0273906131', 'Alvin.Hahn@example.com')
INSERT dbo.QUANTRI(QuanTriID, TenQTV, DiaChi, SoDienThoai, Email) VALUES (N'QT285228', N'Phùng Thị Trần Bách', N'98 Nguyễn Quang Diêu, phường 4, Quận 9', '0992711230', 'bfpu4@example.com')
INSERT dbo.QUANTRI(QuanTriID, TenQTV, DiaChi, SoDienThoai, Email) VALUES (N'QT168422', N'Huỳnh Thị Nguyễn Bảo', N'73 Hoàng Sa, phường 7, Quận 8', '0933729863', 'ElijahAbney@example.com')
INSERT dbo.QUANTRI(QuanTriID, TenQTV, DiaChi, SoDienThoai, Email) VALUES (N'QT106863', N'Ân Minh Phong', N'7 Nguyễn Đình Chính, phường 9, Quận Tân Phú', NULL, 'Haynes729@example.com')
INSERT dbo.QUANTRI(QuanTriID, TenQTV, DiaChi, SoDienThoai, Email) VALUES (N'QT175720', N'Lâm Khánh Phường', NULL, NULL, 'Marchand@example.com')
INSERT dbo.QUANTRI(QuanTriID, TenQTV, DiaChi, SoDienThoai, Email) VALUES (N'QT258314', N'Trần Lê Diệp', N'04 Chương Dương, phường Hòa Bình, Quận 9', '0308028217', 'AndyLott617@example.com')
INSERT dbo.QUANTRI(QuanTriID, TenQTV, DiaChi, SoDienThoai, Email) VALUES (N'QT073371', N'Tô Ngọc Kha', N'5 Hoàng Văn Thụ, phường 0, Quận 2', NULL, NULL)
INSERT dbo.QUANTRI(QuanTriID, TenQTV, DiaChi, SoDienThoai, Email) VALUES (N'QT618374', N'Lâm Khánh Khiết', N'54 Xa Lộ Hà Nội, phường 1, Quận 8', '0335512034', 'MasonM_Cortes145@nowhere.com')
INSERT dbo.QUANTRI(QuanTriID, TenQTV, DiaChi, SoDienThoai, Email) VALUES (N'QT734368', N'Cao Trịnh Tú', N'27 Cách mạng Tháng Tám, phường Phạm Ngũ Lão, Quận ', '0255944901', 'AbbyRhoads4@example.com')
INSERT dbo.QUANTRI(QuanTriID, TenQTV, DiaChi, SoDienThoai, Email) VALUES (N'QT409305', N'Vũ Thị Minh Xuân', N'907 Bá Lê Chân, phường 9, Quận 9', '0417701376', 'IlonaAshmore@example.com')
INSERT dbo.QUANTRI(QuanTriID, TenQTV, DiaChi, SoDienThoai, Email) VALUES (N'QT790664', N'Kim Nguyễn Trúc', N'65 Lê La, phường 8, Quận 3', '0903194764', 'Valentin@nowhere.com')
INSERT dbo.QUANTRI(QuanTriID, TenQTV, DiaChi, SoDienThoai, Email) VALUES (N'QT666469', N'Huỳnh Lê Bảo', N'9 Đào Duy Tân, phường 8, Quận 4', NULL, 'ylffg9891@example.com')
INSERT dbo.QUANTRI(QuanTriID, TenQTV, DiaChi, SoDienThoai, Email) VALUES (N'QT446062', N'Bùi Dương Ánh', N'4 Hai Bà Trưng, phường 3, Quận 8', '0115539887', 'Keith29@nowhere.com')
INSERT dbo.QUANTRI(QuanTriID, TenQTV, DiaChi, SoDienThoai, Email) VALUES (N'QT090314', N'Bùi Thị Nguyễn Hưng', N'09 Nguyễn Trãi, phường 0, Quận Tân Bình', '0471026448', 'Acker@example.com')
INSERT dbo.QUANTRI(QuanTriID, TenQTV, DiaChi, SoDienThoai, Email) VALUES (N'QT744064', N'Bùi Thị Bùi Phi', N'74 Lê Quý Đôn, phường 8, Quận 7', '0663162960', 'Abrams29@example.com')
INSERT dbo.QUANTRI(QuanTriID, TenQTV, DiaChi, SoDienThoai, Email) VALUES (N'QT822408', N'Khương Thị Trung Phát', N'47 Chu Mạnh Trinh, phường 3, Quận 8', '0261614805', 'xrysmi3@example.com')
INSERT dbo.QUANTRI(QuanTriID, TenQTV, DiaChi, SoDienThoai, Email) VALUES (N'QT503219', N'Nguyễn Khánh Trúc', N'833 Điện Biên Phủ, phường 6, Quận 1', '0425075511', 'LaddT@nowhere.com')
INSERT dbo.QUANTRI(QuanTriID, TenQTV, DiaChi, SoDienThoai, Email) VALUES (N'QT339559', N'Huỳnh Dương Yến', N'969 Lê Duẩn, phường 1, Quận 4', '0887755345', NULL)
INSERT dbo.QUANTRI(QuanTriID, TenQTV, DiaChi, SoDienThoai, Email) VALUES (N'QT655789', N'Kim Dương Tú', N'00 Bùi Thị Xuân, phường 9, Quận 8', '0988516271', 'CurtisBTrimble2@example.com')
INSERT dbo.QUANTRI(QuanTriID, TenQTV, DiaChi, SoDienThoai, Email) VALUES (N'QT762058', N'Ân Nguyễn Dũng', N'13 Cách mạng Tháng Tám, phường Cửa Nam, Quận 1', '0894329316', NULL)
INSERT dbo.QUANTRI(QuanTriID, TenQTV, DiaChi, SoDienThoai, Email) VALUES (N'QT831380', N'Triệu Trịnh Kha', N'57 Nguyễn Đình Chiểu, phường 6, Quận 1', '0255995927', 'IgnacioEllington43@example.com')
GO

--
-- Inserting data into table dbo.TAIXE
--
INSERT dbo.TAIXE(ID, hoten, CMND, Dienthoai, Diachi, Soxe, Khuvuc, Taikhoan) VALUES (N'TX169717', N'Kim Hoàng Bích', '6137397611', '0330617401', N'73 Võ Trưởng Toản, phường 0, Quận 3', '03-FE 432.58', 'Thủ Đức', '3852147295238969')
INSERT dbo.TAIXE(ID, hoten, CMND, Dienthoai, Diachi, Soxe, Khuvuc, Taikhoan) VALUES (N'TX909133', N'Kim Bùi Cường', '2036667340', '0838995151', NULL, '77-CH 824.01', 'Hàng Xanh', '8970416423747302')
INSERT dbo.TAIXE(ID, hoten, CMND, Dienthoai, Diachi, Soxe, Khuvuc, Taikhoan) VALUES (N'TX186016', N'Bùi Thị Minh Phúc', '5423967761', '0266558530', N'92 Hàm Nghi, phường 8, Quận 4', '89-QY 803.04', 'Chợ Bến Thành', '3749526894771072')
INSERT dbo.TAIXE(ID, hoten, CMND, Dienthoai, Diachi, Soxe, Khuvuc, Taikhoan) VALUES (N'TX069685', N'Cao Thị Minh Thương', '7243472306', '0915807048', N'8 Phạm Hồng Thái, phường 8, Quận 2', '67-KD 948.47', 'Hàng Xanh', '7804640955337480')
INSERT dbo.TAIXE(ID, hoten, CMND, Dienthoai, Diachi, Soxe, Khuvuc, Taikhoan) VALUES (N'TX937332', N'Trịnh Dương Trâm', '0434583399', '0759954475', N'6 Lê Anh Xuân, phường 8, Quận 5', '60-TC 852.11', 'Chợ Đầu Mối', '9534911583079209')
INSERT dbo.TAIXE(ID, hoten, CMND, Dienthoai, Diachi, Soxe, Khuvuc, Taikhoan) VALUES (N'TX472035', N'Phùng Khánh Vinh', '7367463667', '0729325957', N'87 Võ Thị Sáu, phường 7, Quận 8', '82-NQ 035.67', 'Chợ Bến Thành', '2483339392416701')
INSERT dbo.TAIXE(ID, hoten, CMND, Dienthoai, Diachi, Soxe, Khuvuc, Taikhoan) VALUES (N'TX258961', N'Ân Nguyễn Khôi', '2763369020', '0495902545', N'6 Đồng Khởi, phường 9, Quận 4', '33-EH 262.36', 'Chợ Bến Thành', '9344085993927208')
INSERT dbo.TAIXE(ID, hoten, CMND, Dienthoai, Diachi, Soxe, Khuvuc, Taikhoan) VALUES (N'TX210632', N'Khương Anh Đức', '8121804253', '0513786017', N'89 Hoàng Văn Thụ, phường 2, Quận 3', '68-JL 490.86', 'Cần Giờ', '3677650356918084')
INSERT dbo.TAIXE(ID, hoten, CMND, Dienthoai, Diachi, Soxe, Khuvuc, Taikhoan) VALUES (N'TX761431', N'Dương Thị Trung Trâm', '7176597389', '0643485384', N'7 Hoàng Văn Thụ, phường 8, Quận 8', '95-PG 732.27', 'Cần Giờ', '4802155404532724')
INSERT dbo.TAIXE(ID, hoten, CMND, Dienthoai, Diachi, Soxe, Khuvuc, Taikhoan) VALUES (N'TX314724', N'Nguyễn Nguyễn Băng', '5956784775', '0184631937', N'367 Lê Công Kiều, phường 4, Quận 1', '94-FM 324.97', 'Chợ Đầu Mối', '6976597812141915')
INSERT dbo.TAIXE(ID, hoten, CMND, Dienthoai, Diachi, Soxe, Khuvuc, Taikhoan) VALUES (N'TX380376', N'Dương Thị Minh Sáng', '6623019366', '0721925144', N'8 Hải Triều, phường 3, Quận 5', '41-QC 169.11', 'Cách mạng tháng Tám', '6042312984521848')
INSERT dbo.TAIXE(ID, hoten, CMND, Dienthoai, Diachi, Soxe, Khuvuc, Taikhoan) VALUES (N'TX735766', N'Hồ Trịnh Thương', '9428529804', '0633385458', N'37 Lê Anh Xuân, phường 0, Quận 2', '37-DE 609.53', 'Cần Giờ', '4158318922712297')
INSERT dbo.TAIXE(ID, hoten, CMND, Dienthoai, Diachi, Soxe, Khuvuc, Taikhoan) VALUES (N'TX241312', N'Khương Trần Ngọc', '2364884972', '0768308343', N'4 Đinh Công Tráng, phường 4, Quận 5', '98-KI 386.62', 'Cách mạng tháng Tám', '1809385810195698')
INSERT dbo.TAIXE(ID, hoten, CMND, Dienthoai, Diachi, Soxe, Khuvuc, Taikhoan) VALUES (N'TX754259', N'Kim Thị Lê Diệp', '5834512528', '0396932886', N'71 Mạc Thị Bưởi, phường 0, Quận 1', '61-MU 194.39', 'Hàng Xanh', '9566172303762791')
INSERT dbo.TAIXE(ID, hoten, CMND, Dienthoai, Diachi, Soxe, Khuvuc, Taikhoan) VALUES (N'TX269336', N'Bùi Thị Khánh Tình', '5368995518', '0188606683', N'40 Võ Thị Sáu, phường 4, Quận 9', '65-AU 388.66', 'Chợ Bến Thành', '6493267046319439')
INSERT dbo.TAIXE(ID, hoten, CMND, Dienthoai, Diachi, Soxe, Khuvuc, Taikhoan) VALUES (N'TX052071', N'Huỳnh Thị Anh Yến', '4224523067', '0153965545', N'21 Hàm Thuyên, phường 0, Quận Bình Thạnh', '03-SK 149.29', 'Chợ Đầu Mối', '9824859313377084')
INSERT dbo.TAIXE(ID, hoten, CMND, Dienthoai, Diachi, Soxe, Khuvuc, Taikhoan) VALUES (N'TX227337', N'Huỳnh Ngọc Vinh', '3127398552', '0411556022', N'83 Tôn Đức Thắng, phường 5, Quận 3', '59-VP 623.40', 'Chợ Bến Thành', '6993422419014609')
INSERT dbo.TAIXE(ID, hoten, CMND, Dienthoai, Diachi, Soxe, Khuvuc, Taikhoan) VALUES (N'TX022294', N'Nguyễn Thị Trần Phi', '5677293876', '0452456661', N'75 Tự Do, phường 2, Quận 3', '64-GV 084.93', 'Chợ Đầu Mối', '2633624839010375')
INSERT dbo.TAIXE(ID, hoten, CMND, Dienthoai, Diachi, Soxe, Khuvuc, Taikhoan) VALUES (N'TX530734', N'Kim Dương Diệp', '2329650407', '0363489638', N'75 Bá Lê Chân, phường 6, Quận 2', '25-EV 435.37', 'Thủ Đức', '1036179238728539')
INSERT dbo.TAIXE(ID, hoten, CMND, Dienthoai, Diachi, Soxe, Khuvuc, Taikhoan) VALUES (N'TX082720', N'Phùng Bùi Hưng', '3444871994', '0767009833', N'20 Nguyễn Trãi, phường Tô Châu, Quận Tân Bình', '96-CN 960.42', 'Cách mạng tháng Tám', '8375975210744639')
INSERT dbo.TAIXE(ID, hoten, CMND, Dienthoai, Diachi, Soxe, Khuvuc, Taikhoan) VALUES (N'TX919805', N'Phùng Bùi Kiên', '3504229191', '0974344978', N'41 Hải Triều, phường 0, Quận Bình Tân', '62-ZI 746.46', 'Thủ Đức', '7384329921085001')
INSERT dbo.TAIXE(ID, hoten, CMND, Dienthoai, Diachi, Soxe, Khuvuc, Taikhoan) VALUES (N'TX056666', N'Huỳnh Nguyễn Vinh', '1026174265', '0526911851', NULL, '36-FT 509.69', 'Cách mạng tháng Tám', '2439705798300675')
INSERT dbo.TAIXE(ID, hoten, CMND, Dienthoai, Diachi, Soxe, Khuvuc, Taikhoan) VALUES (N'TX902025', N'Trần Trịnh Hà', '8785340582', '0128765584', NULL, '28-JK 855.41', 'Cách mạng tháng Tám', '5174282402812623')
INSERT dbo.TAIXE(ID, hoten, CMND, Dienthoai, Diachi, Soxe, Khuvuc, Taikhoan) VALUES (N'TX828563', N'Lê Lê Khiêm', '8767919059', '0757765200', N'67 Lê Văn Duyệt, phường Bình Đức, Quận 6', '71-OL 361.44', 'Cách mạng tháng Tám', '0878340401447228')
INSERT dbo.TAIXE(ID, hoten, CMND, Dienthoai, Diachi, Soxe, Khuvuc, Taikhoan) VALUES (N'TX212577', N'Lê Minh Vĩnh', '5618914543', '0723100950', N'1 Hoàng Sa, phường 6, Quận 8', '18-ZU 369.64', 'Thủ Đức', '5503887170602646')
INSERT dbo.TAIXE(ID, hoten, CMND, Dienthoai, Diachi, Soxe, Khuvuc, Taikhoan) VALUES (N'TX046269', N'Huỳnh Minh Nhi', '4288764781', '0521280545', N'6 Nguyễn Cảnh Chân, phường 2, Quận 1', '08-HH 191.40', 'Cần Giờ', '0741876262308372')
INSERT dbo.TAIXE(ID, hoten, CMND, Dienthoai, Diachi, Soxe, Khuvuc, Taikhoan) VALUES (N'TX661366', N'Kim Trịnh Kiệt', '6084707943', '0796759699', N'55 Hàm Thuyên, phường 7, Quận 10', '23-DT 579.02', 'Chợ Đầu Mối', '2156532149847502')
INSERT dbo.TAIXE(ID, hoten, CMND, Dienthoai, Diachi, Soxe, Khuvuc, Taikhoan) VALUES (N'TX014577', N'Huỳnh Nguyễn Phúc', '9894939711', '0463281470', N'13 Bá Lê Chân, phường 7, Quận 8', '59-MS 228.93', 'Hàng Xanh', '2957840083000272')
INSERT dbo.TAIXE(ID, hoten, CMND, Dienthoai, Diachi, Soxe, Khuvuc, Taikhoan) VALUES (N'TX775465', N'Tô Hoàng Bách', '6971117129', '0870771505', N'93 Bá Lê Chân, phường 2, Quận 9', '27-KD 512.62', 'Hàng Xanh', '7697230037859899')
INSERT dbo.TAIXE(ID, hoten, CMND, Dienthoai, Diachi, Soxe, Khuvuc, Taikhoan) VALUES (N'TX966556', N'Lâm Ngọc Tâm', '5455802110', '0869109085', N'65 Bùi Viện, phường 8, Quận 9', '72-DO 255.57', 'Chợ Đầu Mối', '5635146569817300')
INSERT dbo.TAIXE(ID, hoten, CMND, Dienthoai, Diachi, Soxe, Khuvuc, Taikhoan) VALUES (N'TX657486', N'Ân Bùi Yến', '0217778627', '0265429409', N'83 Nguyễn Đình Chiểu, phường 7, Quận 4', '94-BV 195.85', 'Hàng Xanh', '6819683511225602')
INSERT dbo.TAIXE(ID, hoten, CMND, Dienthoai, Diachi, Soxe, Khuvuc, Taikhoan) VALUES (N'TX576532', N'Lâm Anh Thư', '4371616978', '0724944341', N'527 30/4, phường 4, Quận 4', '37-XG 017.50', 'Hàng Xanh', '2747672314547059')
INSERT dbo.TAIXE(ID, hoten, CMND, Dienthoai, Diachi, Soxe, Khuvuc, Taikhoan) VALUES (N'TX684313', N'Phùng Minh Trí', '8877267158', '0182286146', N'368 Xa Lộ Hà Nội, phường 4, Quận Tân Bình', '58-HX 613.66', 'Chợ Bến Thành', '9107249071956882')
INSERT dbo.TAIXE(ID, hoten, CMND, Dienthoai, Diachi, Soxe, Khuvuc, Taikhoan) VALUES (N'TX639432', N'Khương Ngọc Thư', '6282445762', '0720722622', N'35 Lê Duẩn, phường 8, Quận 3', '20-VH 237.84', 'Chợ Đầu Mối', '6508071959349405')
INSERT dbo.TAIXE(ID, hoten, CMND, Dienthoai, Diachi, Soxe, Khuvuc, Taikhoan) VALUES (N'TX845549', N'Lê Thị Bùi Trúc', '8865754472', '0474193703', N'58 Gia Long, phường 1, Quận 7', '87-SP 086.54', 'Cách mạng tháng Tám', '0561179116696684')
INSERT dbo.TAIXE(ID, hoten, CMND, Dienthoai, Diachi, Soxe, Khuvuc, Taikhoan) VALUES (N'TX608272', N'Nguyễn Nguyễn Thái', '2045824863', '0589000671', N'48 Nguyễn Đình Chiểu, phường 4, Quận 3', '27-HP 253.10', 'Cần Giờ', '6367427500504599')
INSERT dbo.TAIXE(ID, hoten, CMND, Dienthoai, Diachi, Soxe, Khuvuc, Taikhoan) VALUES (N'TX745317', N'Trần Trung Bão', '4752348521', '0931711223', N'9 Cách mạng Tháng Tám, phường 0, Quận 1', '22-RD 414.46', 'Chợ Đầu Mối', '2934029040902809')
INSERT dbo.TAIXE(ID, hoten, CMND, Dienthoai, Diachi, Soxe, Khuvuc, Taikhoan) VALUES (N'TX509611', N'Trần Minh Phước', '8567863737', '0872725173', N'37 Trần Quốc Toản, phường 7, Quận 1', '70-FY 228.16', 'Thủ Đức', '9230385590688589')
INSERT dbo.TAIXE(ID, hoten, CMND, Dienthoai, Diachi, Soxe, Khuvuc, Taikhoan) VALUES (N'TX255380', N'Lê Anh Đức', '5393911900', '0890483627', N'400 Nguyễn Quang Diêu, phường 6, Quận 9', '86-HA 758.04', 'Thủ Đức', '8952987505646839')
INSERT dbo.TAIXE(ID, hoten, CMND, Dienthoai, Diachi, Soxe, Khuvuc, Taikhoan) VALUES (N'TX160625', N'Lê Trung Hưng', '4311846029', '0778876017', N'647 Đào Duy Tân, phường 4, Quận 9', '40-PV 915.91', 'Cần Giờ', '9394925176342535')
INSERT dbo.TAIXE(ID, hoten, CMND, Dienthoai, Diachi, Soxe, Khuvuc, Taikhoan) VALUES (N'TX602718', N'Hồ Lê Bích', '3002059058', '0241676265', N'9 Lê Văn Duyệt, phường 4, Quận 2', '14-BF 839.59', 'Hàng Xanh', '0276837605076651')
INSERT dbo.TAIXE(ID, hoten, CMND, Dienthoai, Diachi, Soxe, Khuvuc, Taikhoan) VALUES (N'TX349250', N'Hồ Anh Can', '4747554840', '0190582298', N'55 30/4, phường 5, Quận 1', '70-RA 792.68', 'Hàng Xanh', '4596963451707564')
INSERT dbo.TAIXE(ID, hoten, CMND, Dienthoai, Diachi, Soxe, Khuvuc, Taikhoan) VALUES (N'TX818731', N'Lâm Thị Dương Nhung', '9347912896', '0516290555', N'56 Hàm Thuyên, phường 8, Quận 9', '85-AJ 706.27', 'Hàng Xanh', '8055714882433653')
INSERT dbo.TAIXE(ID, hoten, CMND, Dienthoai, Diachi, Soxe, Khuvuc, Taikhoan) VALUES (N'TX607669', N'Phùng Ngọc Phong', '0737897154', '0366073062', N'57 Võ Thị Sáu, phường 5, Quận 2', '23-UF 890.37', 'Hàng Xanh', '3509520418835926')
INSERT dbo.TAIXE(ID, hoten, CMND, Dienthoai, Diachi, Soxe, Khuvuc, Taikhoan) VALUES (N'TX787086', N'Phùng Thị Lê Vinh', '2389950105', '0150673226', NULL, '05-JP 449.86', 'Cách mạng tháng Tám', '8676990529550645')
INSERT dbo.TAIXE(ID, hoten, CMND, Dienthoai, Diachi, Soxe, Khuvuc, Taikhoan) VALUES (N'TX717991', N'Triệu Thị Khánh Bảo', '2832715012', '0824935228', N'756 Bùi Viện, phường 7, Quận 1', '89-ER 807.80', 'Cách mạng tháng Tám', '1346588548007522')
INSERT dbo.TAIXE(ID, hoten, CMND, Dienthoai, Diachi, Soxe, Khuvuc, Taikhoan) VALUES (N'TX502802', N'Khương Bùi Vy', '6842059764', '0796239954', N'56 Lê La, phường 8, Quận 8', '68-SA 823.92', 'Hàng Xanh', '9498561601446939')
INSERT dbo.TAIXE(ID, hoten, CMND, Dienthoai, Diachi, Soxe, Khuvuc, Taikhoan) VALUES (N'TX299794', N'Dương Ngọc Trâm', '4777066465', '0828751735', N'723 Lê La, phường 5, Quận 9', '31-DQ 610.72', 'Hàng Xanh', '4443540806774989')
INSERT dbo.TAIXE(ID, hoten, CMND, Dienthoai, Diachi, Soxe, Khuvuc, Taikhoan) VALUES (N'TX674387', N'Vũ Nguyễn Hà', '2748040445', '0335513778', N'63 Gia Long, phường 1, Quận 1', '59-QN 276.32', 'Chợ Đầu Mối', '3536654115808493')
INSERT dbo.TAIXE(ID, hoten, CMND, Dienthoai, Diachi, Soxe, Khuvuc, Taikhoan) VALUES (N'TX481913', N'Dương Lê Duy', '4105974819', '0450810205', N'40 Mạc Đĩnh Chi, phường 5, Quận Phú Nhuận', '31-NW 381.56', 'Cần Giờ', '6064937843976782')
GO

--
-- Inserting data into table dbo.DOITAC
--
INSERT dbo.DOITAC(ID, Ten, TenNguoiDD, ThanhPho, SoChiNhanh, SLDonHang, LoaiHang, DiaChi, SoDienThoai, Email) VALUES (N'DT101838', N'Kim Thị Ngọc Trung', N'Triệu Khánh Hoàng', N'Hậu Giang', 'CN042491', 83, N'Gạch', N'46 Lưu Văn Lang, phường 0, Quận 1', '0564135616', 'Ligon@example.com')
INSERT dbo.DOITAC(ID, Ten, TenNguoiDD, ThanhPho, SoChiNhanh, SLDonHang, LoaiHang, DiaChi, SoDienThoai, Email) VALUES (N'DT314701', NULL, N'Nguyễn Dương Sương', N'Phú Thọ', NULL, 47, N'Điện thoại', N'07 Đinh Công Tráng, phường 3, Quận 5', '0376710970', NULL)
INSERT dbo.DOITAC(ID, Ten, TenNguoiDD, ThanhPho, SoChiNhanh, SLDonHang, LoaiHang, DiaChi, SoDienThoai, Email) VALUES (N'DT518451', N'Huỳnh Trung Tình', N'Vũ Ngọc Phú', N'Hà Nội', 'CN299474', 85, N'Đất sét', N'6 Nguyễn Cảnh Chân, phường Long Bình, Quận 4', '0795270752', 'Burrows865@example.com')
INSERT dbo.DOITAC(ID, Ten, TenNguoiDD, ThanhPho, SoChiNhanh, SLDonHang, LoaiHang, DiaChi, SoDienThoai, Email) VALUES (N'DT938114', N'Khương Khánh Điệp', N'Khương Thị Trần Phước', NULL, 'CN990706', NULL, N'Nước ngọt', N'524 Đào Duy Tân, phường 8, Quận 6', '0320197962', 'GeorgannSamples457@example.com')
INSERT dbo.DOITAC(ID, Ten, TenNguoiDD, ThanhPho, SoChiNhanh, SLDonHang, LoaiHang, DiaChi, SoDienThoai, Email) VALUES (N'DT652187', N'Khương Anh Sáng', N'Ân Trung Phát', N'Bình Phước', 'CN098753', 68, N'Điện gia dụng', N'134 Nguyễn Trãi, phường 9, Quận 3', '0582907914', 'Cedric.CSotelo@example.com')
INSERT dbo.DOITAC(ID, Ten, TenNguoiDD, ThanhPho, SoChiNhanh, SLDonHang, LoaiHang, DiaChi, SoDienThoai, Email) VALUES (N'DT038589', N'Tô Hoàng Tí', N'Tô Anh Tuyết', N'Thanh Hóa', 'CN044191', 7, N'Đồ uống', N'575 Đinh Công Tráng, phường 9, Quận 7', '0184876982', 'Loftis@example.com')
INSERT dbo.DOITAC(ID, Ten, TenNguoiDD, ThanhPho, SoChiNhanh, SLDonHang, LoaiHang, DiaChi, SoDienThoai, Email) VALUES (N'DT192075', N'Lâm Dương Chi', N'Vũ Thị Anh Ngân', N'Hà Tĩnh', 'CN254970', 87, N'Điện gia dụng', N'52 Bá Lê Chân, phường 3, Quận 2', '0473140027', 'Francene.E.Acker869@example.com')
INSERT dbo.DOITAC(ID, Ten, TenNguoiDD, ThanhPho, SoChiNhanh, SLDonHang, LoaiHang, DiaChi, SoDienThoai, Email) VALUES (N'DT535401', N'Tô Trần Bảo', N'Tô Trung Ngọc', N'Bến Tre', 'CN465376', 79, N'Sách', N'1 Lưu Văn Lang, phường 2, Quận 2', NULL, 'ssmxzviy.qout@example.com')
INSERT dbo.DOITAC(ID, Ten, TenNguoiDD, ThanhPho, SoChiNhanh, SLDonHang, LoaiHang, DiaChi, SoDienThoai, Email) VALUES (N'DT768682', N'Huỳnh Thị Khánh Diệp', N'Cao Ngọc Tuấn', N'Hà Nội', 'CN042491', 34, N'Nước ngọt', N'58 Nguyễn Huệ, phường Vạn An, Quận 5', '0984556994', 'Abreu222@example.com')
INSERT dbo.DOITAC(ID, Ten, TenNguoiDD, ThanhPho, SoChiNhanh, SLDonHang, LoaiHang, DiaChi, SoDienThoai, Email) VALUES (N'DT796815', N'Hồ Trần Tú', N'Trần Minh Kha', N'Bình Thuận', 'CN473799', 19, N'Gạch', N'17 Gia Long, phường 0, Quận 6', '0240469574', 'SeeWild56@example.com')
INSERT dbo.DOITAC(ID, Ten, TenNguoiDD, ThanhPho, SoChiNhanh, SLDonHang, LoaiHang, DiaChi, SoDienThoai, Email) VALUES (N'DT465259', N'Kim Minh Bích', N'Cao Thị Dương Phong', N'Bình Phước', 'CN980953', 19, N'Đất sét', N'2 Lê Quý Đôn, phường 3, Quận 4', '0867094969', 'Severson757@example.com')
INSERT dbo.DOITAC(ID, Ten, TenNguoiDD, ThanhPho, SoChiNhanh, SLDonHang, LoaiHang, DiaChi, SoDienThoai, Email) VALUES (N'DT379221', N'Tô Trung Hân', N'Huỳnh Anh Duy', N'Đà Nẵng', 'CN261764', 64, N'Điện thoại', N'8 Cách mạng Tháng Tám, phường 0, Quận Gò Vấp', '0541258027', 'CatherynTaber@example.com')
INSERT dbo.DOITAC(ID, Ten, TenNguoiDD, ThanhPho, SoChiNhanh, SLDonHang, LoaiHang, DiaChi, SoDienThoai, Email) VALUES (N'DT365526', N'Lâm Trần Khôi', N'Kim Hoàng Cường', NULL, 'CN937535', NULL, N'Gạch', N'69 Bùi Viện, phường 1, Quận 2', '0732614519', 'Verline_Fairbanks2@example.com')
INSERT dbo.DOITAC(ID, Ten, TenNguoiDD, ThanhPho, SoChiNhanh, SLDonHang, LoaiHang, DiaChi, SoDienThoai, Email) VALUES (N'DT268401', N'Tô Khánh Vy', N'Huỳnh Thị Khánh Phước', N'Long An', 'CN098753', 9, N'Đất sét', N'04 Lê Lợi, phường 3, Quận 2', '0581932650', 'Julene.IAbrams@example.com')
INSERT dbo.DOITAC(ID, Ten, TenNguoiDD, ThanhPho, SoChiNhanh, SLDonHang, LoaiHang, DiaChi, SoDienThoai, Email) VALUES (N'DT967322', N'Ân Trung Thư', N'Khương Hoàng Chi', N'Bắc Kạn', 'CN630254', 87, N'Văn phòng phẩm', N'187 Lê Văn Duyệt, phường 9, Quận 5', '0377529826', 'AbigailKruse91@nowhere.com')
INSERT dbo.DOITAC(ID, Ten, TenNguoiDD, ThanhPho, SoChiNhanh, SLDonHang, LoaiHang, DiaChi, SoDienThoai, Email) VALUES (N'DT156792', N'Nguyễn Thị Trung Vĩnh', N'Cao Thị Trịnh Trung', N'Yên Bái', 'CN254970', 69, N'Vật liệu xây dựng', N'4 Mã Lộ, phường 1, Quận 2', '0390045701', 'jnmo3690@nowhere.com')
INSERT dbo.DOITAC(ID, Ten, TenNguoiDD, ThanhPho, SoChiNhanh, SLDonHang, LoaiHang, DiaChi, SoDienThoai, Email) VALUES (N'DT117964', NULL, N'Vũ Trung Hồng', N'An Giang', NULL, 30, N'Điện thoại', N'593 Mã Lộ, phường 3, Quận 9', '0409409549', NULL)
INSERT dbo.DOITAC(ID, Ten, TenNguoiDD, ThanhPho, SoChiNhanh, SLDonHang, LoaiHang, DiaChi, SoDienThoai, Email) VALUES (N'DT839810', N'Huỳnh Lê Nhi', N'Hồ Khánh Ngân', N'Thái Nguyên', 'CN299474', 5, N'Đèn', N'8 Lê La, phường 9, Quận Tân Bình', '0496909157', 'Sikes@example.com')
INSERT dbo.DOITAC(ID, Ten, TenNguoiDD, ThanhPho, SoChiNhanh, SLDonHang, LoaiHang, DiaChi, SoDienThoai, Email) VALUES (N'DT671224', N'Kim Dương Tùng', N'Triệu Hoàng Bách', NULL, 'CN473799', NULL, N'Ngói', N'28 Hoàng Văn Thụ, phường 6, Quận 3', '0930659317', 'Luther@example.com')
INSERT dbo.DOITAC(ID, Ten, TenNguoiDD, ThanhPho, SoChiNhanh, SLDonHang, LoaiHang, DiaChi, SoDienThoai, Email) VALUES (N'DT768413', N'Kim Anh Hoàng', N'Trịnh Anh Trí', N'Tây Ninh', 'CN466392', 4, N'Đồ chơi', N'66 Lê Thị Riêng, phường 2, Quận 3', '0842315503', 'DorothaCass344@example.com')
INSERT dbo.DOITAC(ID, Ten, TenNguoiDD, ThanhPho, SoChiNhanh, SLDonHang, LoaiHang, DiaChi, SoDienThoai, Email) VALUES (N'DT593423', NULL, N'Bùi Thị Khánh Nhung', N'Bà Rịa - Vũng Tàu', NULL, 5, N'Đồ dùng học tập', N'758 Bùi Viện, phường 3, Quận 7', '0116223350', NULL)
INSERT dbo.DOITAC(ID, Ten, TenNguoiDD, ThanhPho, SoChiNhanh, SLDonHang, LoaiHang, DiaChi, SoDienThoai, Email) VALUES (N'DT929843', N'Huỳnh Thị Anh Bão', N'Bùi Hoàng Kiệt', N'Lào Cai', 'CN098753', 69, N'Điện gia dụng', N'80 Mạc Đĩnh Chi, phường 6, Quận 7', '0414696316', 'Burch@example.com')
INSERT dbo.DOITAC(ID, Ten, TenNguoiDD, ThanhPho, SoChiNhanh, SLDonHang, LoaiHang, DiaChi, SoDienThoai, Email) VALUES (N'DT990313', N'Phùng Lê Xuân', N'Huỳnh Trịnh Hồng', N'Phú Thọ', 'CN657483', 60, N'Sách', N'53 Nguyễn Công Trứ, phường 4, Quận 5', '0696056959', 'YasmineJensen@example.com')
INSERT dbo.DOITAC(ID, Ten, TenNguoiDD, ThanhPho, SoChiNhanh, SLDonHang, LoaiHang, DiaChi, SoDienThoai, Email) VALUES (N'DT789996', N'Lê Nguyễn Kiên', N'Trịnh Thị Trung Ngân', N'Bạc Liêu', 'CN261764', 8, N'Đồ dùng học tập', N'2 Nguyễn Quang Diêu, phường 8, Quận 4', '0867634905', 'Whitaker@nowhere.com')
INSERT dbo.DOITAC(ID, Ten, TenNguoiDD, ThanhPho, SoChiNhanh, SLDonHang, LoaiHang, DiaChi, SoDienThoai, Email) VALUES (N'DT348851', N'Trần Thị Minh Thương', N'Trịnh Thị Hoàng Phát', N'Tuyên Quang', 'CN473799', 32, N'Đồ chơi', N'9 Hải Triều, phường 6, Quận 7', '0624048924', 'Sims4@example.com')
INSERT dbo.DOITAC(ID, Ten, TenNguoiDD, ThanhPho, SoChiNhanh, SLDonHang, LoaiHang, DiaChi, SoDienThoai, Email) VALUES (N'DT740526', N'Phùng Lê Kha', N'Lâm Khánh Bách', N'Điện Biên', 'CN626869', 25, N'Điện thoại', N'74 Võ Thị Sáu, phường 2, Quận 2', '0811911015', 'MarcoBerry@example.com')
INSERT dbo.DOITAC(ID, Ten, TenNguoiDD, ThanhPho, SoChiNhanh, SLDonHang, LoaiHang, DiaChi, SoDienThoai, Email) VALUES (N'DT516146', N'Tô Thị Khánh Phong', N'Vũ Trần Bão', N'Kon Tum', 'CN996549', 65, N'Văn phòng phẩm', N'54 Hai Bà Trưng, phường 6, Quận 3', '0340806640', 'Kimberlee_ZCausey@nowhere.com')
INSERT dbo.DOITAC(ID, Ten, TenNguoiDD, ThanhPho, SoChiNhanh, SLDonHang, LoaiHang, DiaChi, SoDienThoai, Email) VALUES (N'DT120892', N'Tô Trần Bích', N'Bùi Thị Lê Ánh', N'Nghệ An', 'CN953754', 64, N'Đồ chơi', N'47 Lê Lợi, phường 7, Quận 5', '0715701794', 'SolomonBarela3@example.com')
INSERT dbo.DOITAC(ID, Ten, TenNguoiDD, ThanhPho, SoChiNhanh, SLDonHang, LoaiHang, DiaChi, SoDienThoai, Email) VALUES (N'DT422132', N'Hồ Bùi Khôi', N'Hồ Lê Khiêm', N'Bạc Liêu', 'CN763571', 2, N'Bếp núc', N'334 Hoàng Văn Thụ, phường 2, Quận 1', '0114553056', 'Adela_Scarborough@example.com')
INSERT dbo.DOITAC(ID, Ten, TenNguoiDD, ThanhPho, SoChiNhanh, SLDonHang, LoaiHang, DiaChi, SoDienThoai, Email) VALUES (N'DT290317', N'Trịnh Thị Nguyễn Kiên', N'Bùi Trần Khôi', N'Đà Nẵng', 'CN953754', 96, N'Thực phẩm', N'284 Lê Văn Duyệt, phường 7, Quận 7', '0409980691', 'zqmfvtd2720@example.com')
INSERT dbo.DOITAC(ID, Ten, TenNguoiDD, ThanhPho, SoChiNhanh, SLDonHang, LoaiHang, DiaChi, SoDienThoai, Email) VALUES (N'DT146172', N'Lâm Trung Bích', N'Triệu Trần Điệp', N'Hải Dương', 'CN755976', 26, N'Sách', N'02 Lê Công Kiều, phường 1, Quận 1', '0565542550', 'Jude_Weller976@example.com')
INSERT dbo.DOITAC(ID, Ten, TenNguoiDD, ThanhPho, SoChiNhanh, SLDonHang, LoaiHang, DiaChi, SoDienThoai, Email) VALUES (N'DT705895', N'Lâm Thị Dương Khôi', N'Lâm Bùi Phát', N'Cao Bằng', 'CN995601', 35, N'Điện thoại', N'77 Nguyễn Trãi, phường 4, Quận 1', '0594955590', 'SmithO@example.com')
INSERT dbo.DOITAC(ID, Ten, TenNguoiDD, ThanhPho, SoChiNhanh, SLDonHang, LoaiHang, DiaChi, SoDienThoai, Email) VALUES (N'DT667805', N'Kim Dương Tình', N'Huỳnh Ngọc Anh', N'Trà Vinh', 'CN921010', 75, N'Đồ uống', N'71 Đào Duy Tân, phường 6, Quận 8', '0879179159', 'hqjoe3@example.com')
INSERT dbo.DOITAC(ID, Ten, TenNguoiDD, ThanhPho, SoChiNhanh, SLDonHang, LoaiHang, DiaChi, SoDienThoai, Email) VALUES (N'DT976951', N'Lê Trịnh Can', N'Hồ Thị Bùi Diệp', N'Trà Vinh', 'CN311698', 98, N'Văn phòng phẩm', N'48 Nguyễn Cảnh Chân, phường 3, Quận Gò Vấp', '0830853616', 'HazelW@example.com')
INSERT dbo.DOITAC(ID, Ten, TenNguoiDD, ThanhPho, SoChiNhanh, SLDonHang, LoaiHang, DiaChi, SoDienThoai, Email) VALUES (N'DT129147', N'Lâm Minh Diệp', N'Huỳnh Nguyễn Tuấn', N'Bạc Liêu', 'CN763571', 73, N'Đồ dùng học tập', N'19 Lý Thường Kiệt, phường 8, Quận 1', '0276084237', 'Abdul_Foy@nowhere.com')
INSERT dbo.DOITAC(ID, Ten, TenNguoiDD, ThanhPho, SoChiNhanh, SLDonHang, LoaiHang, DiaChi, SoDienThoai, Email) VALUES (N'DT419450', N'Kim Bùi Tùng', N'Ân Thị Hoàng Diệp', N'Cao Bằng', 'CN657483', 58, N'Gạch', N'8 Tự Do, phường 1, Quận 2', '0317145738', 'ErrolAlcala24@example.com')
INSERT dbo.DOITAC(ID, Ten, TenNguoiDD, ThanhPho, SoChiNhanh, SLDonHang, LoaiHang, DiaChi, SoDienThoai, Email) VALUES (N'DT704070', N'Ân Trung Can', N'Lâm Thị Lê Nga', N'Sóc Trăng', 'CN695510', 24, N'Đồ uống', N'0 Nguyễn Đình Chiểu, phường 8, Quận 2', '0116106688', 'GennieGBarrow9@example.com')
INSERT dbo.DOITAC(ID, Ten, TenNguoiDD, ThanhPho, SoChiNhanh, SLDonHang, LoaiHang, DiaChi, SoDienThoai, Email) VALUES (N'DT936112', N'Ân Dương Phú', N'Bùi Khánh Chi', NULL, 'CN763571', NULL, N'Văn phòng phẩm', N'86 Nguyễn Quang Diêu, phường 8, Quận 3', '0271218846', 'Bernard_Jeffers167@example.com')
INSERT dbo.DOITAC(ID, Ten, TenNguoiDD, ThanhPho, SoChiNhanh, SLDonHang, LoaiHang, DiaChi, SoDienThoai, Email) VALUES (N'DT830692', N'Huỳnh Dương Ý', N'Phùng Nguyễn Hồng', N'Bà Rịa - Vũng Tàu', 'CN229245', 28, N'Điện gia dụng', N'97 Lê Quý Đôn, phường 4, Quận 9', '0855852685', 'wxdo5147@example.com')
INSERT dbo.DOITAC(ID, Ten, TenNguoiDD, ThanhPho, SoChiNhanh, SLDonHang, LoaiHang, DiaChi, SoDienThoai, Email) VALUES (N'DT223085', N'Kim Lê Duy', N'Kim Khánh Ý', N'Đà Nẵng', 'CN755976', 45, N'Đèn', N'66 Bá Lê Chân, phường 5, Quận 3', '0548742880', 'oxfz2718@nowhere.com')
INSERT dbo.DOITAC(ID, Ten, TenNguoiDD, ThanhPho, SoChiNhanh, SLDonHang, LoaiHang, DiaChi, SoDienThoai, Email) VALUES (N'DT578431', N'Kim Thị Bùi Tú', N'Vũ Trịnh Hoàng', N'Nghệ An', 'CN921010', 13, N'Văn phòng phẩm', N'262 Cách mạng Tháng Tám, phường 4, Quận 2', '0387713614', 'Phillips9@example.com')
INSERT dbo.DOITAC(ID, Ten, TenNguoiDD, ThanhPho, SoChiNhanh, SLDonHang, LoaiHang, DiaChi, SoDienThoai, Email) VALUES (N'DT442089', N'Lâm Thị Bùi Tuấn', N'Khương Lê Trúc', N'Bắc Kạn', 'CN995601', 47, N'Thực phẩm', N'362 Nguyễn Huệ, phường 8, Quận 8', '0107225830', 'Washburn156@example.com')
INSERT dbo.DOITAC(ID, Ten, TenNguoiDD, ThanhPho, SoChiNhanh, SLDonHang, LoaiHang, DiaChi, SoDienThoai, Email) VALUES (N'DT836244', N'Cao Thị Dương Khôi', N'Khương Trịnh Tú', N'Đà Nẵng', 'CN938787', 14, N'Máy tính', N'860 Hai Bà Trưng, phường 1, Quận 9', '0553267913', 'SalleyBeckett@example.com')
INSERT dbo.DOITAC(ID, Ten, TenNguoiDD, ThanhPho, SoChiNhanh, SLDonHang, LoaiHang, DiaChi, SoDienThoai, Email) VALUES (N'DT745905', N'Ân Thị Lê Phong', N'Khương Trần Phú', N'Hưng Yên', 'CN015322', 8, N'Máy tính', N'528 Chu Mạnh Trinh, phường 2, Quận 4', '0764920733', 'Domingo_V.Gresham@example.com')
INSERT dbo.DOITAC(ID, Ten, TenNguoiDD, ThanhPho, SoChiNhanh, SLDonHang, LoaiHang, DiaChi, SoDienThoai, Email) VALUES (N'DT469475', N'Trịnh Thị Hoàng Ngân', N'Lâm Trung Băng', N'Hải Phòng', 'CN657483', 85, N'Điện thoại', N'27 Nguyễn Đình Chiểu, phường 3, Quận 3', '0772755174', 'Jarvis_Nugent157@example.com')
INSERT dbo.DOITAC(ID, Ten, TenNguoiDD, ThanhPho, SoChiNhanh, SLDonHang, LoaiHang, DiaChi, SoDienThoai, Email) VALUES (N'DT175803', N'Cao Hoàng Ánh', N'Nguyễn Thị Minh Sáng', N'Đắk Lắk', 'CN229245', 90, N'Nước ngọt', N'2 Võ Trưởng Toản, phường 9, Quận 3', '0946806035', 'AdolphAcker49@example.com')
INSERT dbo.DOITAC(ID, Ten, TenNguoiDD, ThanhPho, SoChiNhanh, SLDonHang, LoaiHang, DiaChi, SoDienThoai, Email) VALUES (N'DT144842', N'Hồ Hoàng Bảo', N'Hồ Minh Trí', N'Đà Nẵng', 'CN626869', 78, N'Đồ uống', N'18 Đặng Thai Mai, phường 9, Quận 9', '0736641482', 'Krebs769@example.com')
INSERT dbo.DOITAC(ID, Ten, TenNguoiDD, ThanhPho, SoChiNhanh, SLDonHang, LoaiHang, DiaChi, SoDienThoai, Email) VALUES (N'DT246819', N'Vũ Khánh Kiệt', N'Ân Khánh Bách', N'Quảng Ngãi', 'CN436558', 77, N'Đồ dùng học tập', N'56 Nguyễn Cảnh Chân, phường 4, Quận 2', '0870553515', 'Aguiar7@nowhere.com')
INSERT dbo.DOITAC(ID, Ten, TenNguoiDD, ThanhPho, SoChiNhanh, SLDonHang, LoaiHang, DiaChi, SoDienThoai, Email) VALUES (N'DT493286', N'Kim Trần Hưng', N'Lê Ngọc Yến', N'Thái Nguyên', NULL, 94, N'Bếp núc', N'355 Mã Lộ, phường 0, Quận 1', '0234249082', 'Kearns@example.com')
INSERT dbo.DOITAC(ID, Ten, TenNguoiDD, ThanhPho, SoChiNhanh, SLDonHang, LoaiHang, DiaChi, SoDienThoai, Email) VALUES (N'DT184046', N'Vũ Bùi Vĩnh', N'Lê Lê Tuyết', N'Lai Châu', NULL, 36, N'Đồ dùng học tập', N'66 Cao Thắng, phường 9, Quận 9', '0277939639', 'BentonStevens@example.com')
GO

--
-- Inserting data into table dbo.SANPHAM
--
INSERT dbo.SANPHAM(ID, TenSP, ChiNhanhID, Gia) VALUES (N'SP301911', N'Cà chua', 'CN044191', 8859744)
INSERT dbo.SANPHAM(ID, TenSP, ChiNhanhID, Gia) VALUES (N'SP478120', N'Sạc dự phòng', 'CN266420', 691)
INSERT dbo.SANPHAM(ID, TenSP, ChiNhanhID, Gia) VALUES (N'SP509655', N'Kệ sách', 'CN436558', 14587436)
INSERT dbo.SANPHAM(ID, TenSP, ChiNhanhID, Gia) VALUES (N'SP162946', N'Váy', 'CN347797', 9245378)
INSERT dbo.SANPHAM(ID, TenSP, ChiNhanhID, Gia) VALUES (N'SP935272', N'Kim cương', 'CN229245', 7417)
INSERT dbo.SANPHAM(ID, TenSP, ChiNhanhID, Gia) VALUES (N'SP057574', N'Khăn giấy', 'CN755976', 1561525)
INSERT dbo.SANPHAM(ID, TenSP, ChiNhanhID, Gia) VALUES (N'SP004975', N'Vở', 'CN254970', 2720169)
INSERT dbo.SANPHAM(ID, TenSP, ChiNhanhID, Gia) VALUES (N'SP706818', N'Máy lạnh', 'CN980953', 8)
INSERT dbo.SANPHAM(ID, TenSP, ChiNhanhID, Gia) VALUES (N'SP058330', N'Kẹo', 'CN098753', 7878785)
INSERT dbo.SANPHAM(ID, TenSP, ChiNhanhID, Gia) VALUES (N'SP277106', N'Sữa tắm', 'CN994545', 7714961)
INSERT dbo.SANPHAM(ID, TenSP, ChiNhanhID, Gia) VALUES (N'SP772543', N'Bàn chải đánh răng', 'CN261764', 759)
INSERT dbo.SANPHAM(ID, TenSP, ChiNhanhID, Gia) VALUES (N'SP862680', N'Dép', 'CN195417', 3898)
INSERT dbo.SANPHAM(ID, TenSP, ChiNhanhID, Gia) VALUES (N'SP867567', N'Máy rửa chén', 'CN042491', 5601221)
INSERT dbo.SANPHAM(ID, TenSP, ChiNhanhID, Gia) VALUES (N'SP672377', N'Xoài', 'CN465376', 2676536)
INSERT dbo.SANPHAM(ID, TenSP, ChiNhanhID, Gia) VALUES (N'SP145320', N'Rèm', 'CN972872', 572)
INSERT dbo.SANPHAM(ID, TenSP, ChiNhanhID, Gia) VALUES (N'SP933048', NULL, 'CN972872', 19942502)
INSERT dbo.SANPHAM(ID, TenSP, ChiNhanhID, Gia) VALUES (N'SP980096', N'Sạc dự phòng', 'CN972872', 1236323)
INSERT dbo.SANPHAM(ID, TenSP, ChiNhanhID, Gia) VALUES (N'SP056326', N'Ghế', 'CN473799', 6375990)
INSERT dbo.SANPHAM(ID, TenSP, ChiNhanhID, Gia) VALUES (N'SP629754', N'Keo dán', 'CN598717', 4941005)
INSERT dbo.SANPHAM(ID, TenSP, ChiNhanhID, Gia) VALUES (N'SP290822', N'Rèm', 'CN910881', 5793631)
INSERT dbo.SANPHAM(ID, TenSP, ChiNhanhID, Gia) VALUES (N'SP083647', N'Đầm', 'CN264379', 14509760)
INSERT dbo.SANPHAM(ID, TenSP, ChiNhanhID, Gia) VALUES (N'SP777782', N'Kotex', 'CN465376', 5122902)
INSERT dbo.SANPHAM(ID, TenSP, ChiNhanhID, Gia) VALUES (N'SP876377', N'Bẫy ruồi', 'CN824810', 9800655)
INSERT dbo.SANPHAM(ID, TenSP, ChiNhanhID, Gia) VALUES (N'SP704296', NULL, 'CN630254', 11954828)
INSERT dbo.SANPHAM(ID, TenSP, ChiNhanhID, Gia) VALUES (N'SP848627', N'Chai xịt tóc', 'CN695510', 5223843)
INSERT dbo.SANPHAM(ID, TenSP, ChiNhanhID, Gia) VALUES (N'SP409151', N'Rèm', 'CN990706', 19630324)
INSERT dbo.SANPHAM(ID, TenSP, ChiNhanhID, Gia) VALUES (N'SP356841', N'Nước hoa', 'CN996549', 6642618)
INSERT dbo.SANPHAM(ID, TenSP, ChiNhanhID, Gia) VALUES (N'SP711902', N'Cà phê', 'CN481488', 7402526)
INSERT dbo.SANPHAM(ID, TenSP, ChiNhanhID, Gia) VALUES (N'SP877266', N'Sữa bột', 'CN842012', 7925661)
INSERT dbo.SANPHAM(ID, TenSP, ChiNhanhID, Gia) VALUES (N'SP537094', N'Cà chua', 'CN223300', 3534422)
INSERT dbo.SANPHAM(ID, TenSP, ChiNhanhID, Gia) VALUES (N'SP866439', N'Máy giặt', 'CN042491', 435)
INSERT dbo.SANPHAM(ID, TenSP, ChiNhanhID, Gia) VALUES (N'SP182608', N'Tivi', 'CN755976', 5874505)
INSERT dbo.SANPHAM(ID, TenSP, ChiNhanhID, Gia) VALUES (N'SP362955', N'Bàn ủi', 'CN657483', 9051260)
INSERT dbo.SANPHAM(ID, TenSP, ChiNhanhID, Gia) VALUES (N'SP624703', N'Máy lạnh', 'CN870268', 1037015)
INSERT dbo.SANPHAM(ID, TenSP, ChiNhanhID, Gia) VALUES (N'SP372594', N'Máy tính', 'CN763571', 12440549)
INSERT dbo.SANPHAM(ID, TenSP, ChiNhanhID, Gia) VALUES (N'SP182671', N'Máy hút bụi', 'CN897612', 14900853)
INSERT dbo.SANPHAM(ID, TenSP, ChiNhanhID, Gia) VALUES (N'SP351806', NULL, 'CN299474', 6230)
INSERT dbo.SANPHAM(ID, TenSP, ChiNhanhID, Gia) VALUES (N'SP726742', N'Cà phê', 'CN953754', 11410095)
INSERT dbo.SANPHAM(ID, TenSP, ChiNhanhID, Gia) VALUES (N'SP873376', N'Vỉ nướng', 'CN759552', 17179152)
INSERT dbo.SANPHAM(ID, TenSP, ChiNhanhID, Gia) VALUES (N'SP948989', N'Tủ lạnh', 'CN657483', 372)
INSERT dbo.SANPHAM(ID, TenSP, ChiNhanhID, Gia) VALUES (N'SP474345', N'Khuyên tay', 'CN630254', 15524662)
INSERT dbo.SANPHAM(ID, TenSP, ChiNhanhID, Gia) VALUES (N'SP570125', N'Áo', 'CN980953', 6996145)
INSERT dbo.SANPHAM(ID, TenSP, ChiNhanhID, Gia) VALUES (N'SP747133', N'Cà phê', 'CN436558', 16554785)
INSERT dbo.SANPHAM(ID, TenSP, ChiNhanhID, Gia) VALUES (N'SP681806', N'Dép', 'CN937535', 14791739)
INSERT dbo.SANPHAM(ID, TenSP, ChiNhanhID, Gia) VALUES (N'SP157879', N'Ngô', 'CN937535', 37)
INSERT dbo.SANPHAM(ID, TenSP, ChiNhanhID, Gia) VALUES (N'SP261984', N'Chai xịt phòng', 'CN266420', 10089592)
INSERT dbo.SANPHAM(ID, TenSP, ChiNhanhID, Gia) VALUES (N'SP897029', N'Keo dán', 'CN042491', 47)
INSERT dbo.SANPHAM(ID, TenSP, ChiNhanhID, Gia) VALUES (N'SP620342', N'Quần', 'CN995601', 7749399)
INSERT dbo.SANPHAM(ID, TenSP, ChiNhanhID, Gia) VALUES (N'SP171912', N'Khăn giấy', 'CN157426', 6984)
INSERT dbo.SANPHAM(ID, TenSP, ChiNhanhID, Gia) VALUES (N'SP495003', N'Laptop', 'CN254970', 3575771)
GO

--
-- Inserting data into table dbo.CT_DONHANG
--
INSERT dbo.CT_DONHANG(DonHangID, SanPhamID, SoLuong) VALUES (N'DH801115', N'SP897029', 3)
INSERT dbo.CT_DONHANG(DonHangID, SanPhamID, SoLuong) VALUES (N'DH016123', N'SP058330', 32)
INSERT dbo.CT_DONHANG(DonHangID, SanPhamID, SoLuong) VALUES (N'DH775217', N'SP056326', 7)
INSERT dbo.CT_DONHANG(DonHangID, SanPhamID, SoLuong) VALUES (N'DH462591', N'SP162946', 27)
INSERT dbo.CT_DONHANG(DonHangID, SanPhamID, SoLuong) VALUES (N'DH618964', N'SP711902', 71)
INSERT dbo.CT_DONHANG(DonHangID, SanPhamID, SoLuong) VALUES (N'DH240415', N'SP495003', 62)
INSERT dbo.CT_DONHANG(DonHangID, SanPhamID, SoLuong) VALUES (N'DH492239', N'SP157879', 87)
INSERT dbo.CT_DONHANG(DonHangID, SanPhamID, SoLuong) VALUES (N'DH761339', N'SP620342', 45)
INSERT dbo.CT_DONHANG(DonHangID, SanPhamID, SoLuong) VALUES (N'DH493908', N'SP261984', 63)
INSERT dbo.CT_DONHANG(DonHangID, SanPhamID, SoLuong) VALUES (N'DH556519', N'SP876377', 60)
INSERT dbo.CT_DONHANG(DonHangID, SanPhamID, SoLuong) VALUES (N'DH476875', N'SP867567', 65)
INSERT dbo.CT_DONHANG(DonHangID, SanPhamID, SoLuong) VALUES (N'DH491143', N'SP629754', 5)
INSERT dbo.CT_DONHANG(DonHangID, SanPhamID, SoLuong) VALUES (N'DH791485', N'SP570125', 4)
INSERT dbo.CT_DONHANG(DonHangID, SanPhamID, SoLuong) VALUES (N'DH737576', N'SP672377', 21)
INSERT dbo.CT_DONHANG(DonHangID, SanPhamID, SoLuong) VALUES (N'DH510706', N'SP290822', 65)
INSERT dbo.CT_DONHANG(DonHangID, SanPhamID, SoLuong) VALUES (N'DH662839', N'SP171912', 51)
INSERT dbo.CT_DONHANG(DonHangID, SanPhamID, SoLuong) VALUES (N'DH162808', N'SP145320', 17)
INSERT dbo.CT_DONHANG(DonHangID, SanPhamID, SoLuong) VALUES (N'DH437514', N'SP351806', 27)
INSERT dbo.CT_DONHANG(DonHangID, SanPhamID, SoLuong) VALUES (N'DH635270', N'SP747133', 70)
INSERT dbo.CT_DONHANG(DonHangID, SanPhamID, SoLuong) VALUES (N'DH719958', N'SP083647', 23)
INSERT dbo.CT_DONHANG(DonHangID, SanPhamID, SoLuong) VALUES (N'DH169299', N'SP877266', 46)
INSERT dbo.CT_DONHANG(DonHangID, SanPhamID, SoLuong) VALUES (N'DH325856', N'SP726742', 83)
INSERT dbo.CT_DONHANG(DonHangID, SanPhamID, SoLuong) VALUES (N'DH626202', N'SP277106', 50)
INSERT dbo.CT_DONHANG(DonHangID, SanPhamID, SoLuong) VALUES (N'DH689028', N'SP933048', 59)
INSERT dbo.CT_DONHANG(DonHangID, SanPhamID, SoLuong) VALUES (N'DH254575', N'SP935272', 20)
INSERT dbo.CT_DONHANG(DonHangID, SanPhamID, SoLuong) VALUES (N'DH728959', N'SP772543', 75)
INSERT dbo.CT_DONHANG(DonHangID, SanPhamID, SoLuong) VALUES (N'DH258634', N'SP704296', 81)
INSERT dbo.CT_DONHANG(DonHangID, SanPhamID, SoLuong) VALUES (N'DH677514', N'SP537094', 76)
INSERT dbo.CT_DONHANG(DonHangID, SanPhamID, SoLuong) VALUES (N'DH413038', N'SP848627', 67)
INSERT dbo.CT_DONHANG(DonHangID, SanPhamID, SoLuong) VALUES (N'DH058395', N'SP777782', 88)
INSERT dbo.CT_DONHANG(DonHangID, SanPhamID, SoLuong) VALUES (N'DH240248', N'SP681806', 9)
INSERT dbo.CT_DONHANG(DonHangID, SanPhamID, SoLuong) VALUES (N'DH792047', N'SP057574', 99)
INSERT dbo.CT_DONHANG(DonHangID, SanPhamID, SoLuong) VALUES (N'DH736302', N'SP866439', 1)
INSERT dbo.CT_DONHANG(DonHangID, SanPhamID, SoLuong) VALUES (N'DH458781', N'SP873376', 40)
INSERT dbo.CT_DONHANG(DonHangID, SanPhamID, SoLuong) VALUES (N'DH079303', N'SP409151', 45)
INSERT dbo.CT_DONHANG(DonHangID, SanPhamID, SoLuong) VALUES (N'DH982612', N'SP182608', 29)
INSERT dbo.CT_DONHANG(DonHangID, SanPhamID, SoLuong) VALUES (N'DH632063', N'SP980096', 2)
INSERT dbo.CT_DONHANG(DonHangID, SanPhamID, SoLuong) VALUES (N'DH887680', N'SP862680', 53)
INSERT dbo.CT_DONHANG(DonHangID, SanPhamID, SoLuong) VALUES (N'DH033519', N'SP301911', 74)
INSERT dbo.CT_DONHANG(DonHangID, SanPhamID, SoLuong) VALUES (N'DH669705', N'SP624703', 89)
INSERT dbo.CT_DONHANG(DonHangID, SanPhamID, SoLuong) VALUES (N'DH575158', N'SP948989', 33)
INSERT dbo.CT_DONHANG(DonHangID, SanPhamID, SoLuong) VALUES (N'DH873023', N'SP356841', 83)
INSERT dbo.CT_DONHANG(DonHangID, SanPhamID, SoLuong) VALUES (N'DH253777', N'SP362955', 29)
INSERT dbo.CT_DONHANG(DonHangID, SanPhamID, SoLuong) VALUES (N'DH401013', N'SP004975', 15)
INSERT dbo.CT_DONHANG(DonHangID, SanPhamID, SoLuong) VALUES (N'DH560846', N'SP372594', 79)
INSERT dbo.CT_DONHANG(DonHangID, SanPhamID, SoLuong) VALUES (N'DH275429', N'SP474345', 66)
INSERT dbo.CT_DONHANG(DonHangID, SanPhamID, SoLuong) VALUES (N'DH344651', N'SP182671', 4)
INSERT dbo.CT_DONHANG(DonHangID, SanPhamID, SoLuong) VALUES (N'DH856233', N'SP478120', 97)
INSERT dbo.CT_DONHANG(DonHangID, SanPhamID, SoLuong) VALUES (N'DH732332', N'SP706818', 50)
INSERT dbo.CT_DONHANG(DonHangID, SanPhamID, SoLuong) VALUES (N'DH180628', N'SP509655', 17)
GO

--
-- Inserting data into table dbo.DATHANG
--
INSERT dbo.DATHANG(KhachHangID, DonHangID, DoiTacID, NgayDat) VALUES (N'KH700813', N'DH801115', 'DT290317', '2011-10-30 20:57:17.050')
INSERT dbo.DATHANG(KhachHangID, DonHangID, DoiTacID, NgayDat) VALUES (N'KH924632', N'DH016123', 'DT535401', '2016-10-16 09:19:32.650')
INSERT dbo.DATHANG(KhachHangID, DonHangID, DoiTacID, NgayDat) VALUES (N'KH991778', N'DH775217', 'DT184046', '2018-03-06 22:57:46.630')
INSERT dbo.DATHANG(KhachHangID, DonHangID, DoiTacID, NgayDat) VALUES (N'KH938657', N'DH462591', 'DT348851', '2020-05-09 10:32:18.490')
INSERT dbo.DATHANG(KhachHangID, DonHangID, DoiTacID, NgayDat) VALUES (N'KH831696', N'DH618964', 'DT518451', '2011-08-23 19:59:25.530')
INSERT dbo.DATHANG(KhachHangID, DonHangID, DoiTacID, NgayDat) VALUES (N'KH351543', N'DH240415', 'DT768682', '2015-12-20 20:25:17.770')
INSERT dbo.DATHANG(KhachHangID, DonHangID, DoiTacID, NgayDat) VALUES (N'KH138265', N'DH492239', 'DT146172', '2016-09-22 02:20:57.180')
INSERT dbo.DATHANG(KhachHangID, DonHangID, DoiTacID, NgayDat) VALUES (N'KH538849', N'DH761339', 'DT830692', '2014-04-10 19:48:09.880')
INSERT dbo.DATHANG(KhachHangID, DonHangID, DoiTacID, NgayDat) VALUES (N'KH706504', N'DH493908', 'DT469475', '2021-01-11 06:42:59.280')
INSERT dbo.DATHANG(KhachHangID, DonHangID, DoiTacID, NgayDat) VALUES (N'KH182738', N'DH556519', 'DT246819', '2017-12-12 04:49:56.170')
INSERT dbo.DATHANG(KhachHangID, DonHangID, DoiTacID, NgayDat) VALUES (N'KH201645', N'DH476875', 'DT175803', '2019-11-15 02:23:21.100')
INSERT dbo.DATHANG(KhachHangID, DonHangID, DoiTacID, NgayDat) VALUES (N'KH036275', N'DH491143', 'DT929843', '2016-09-19 02:30:47.620')
INSERT dbo.DATHANG(KhachHangID, DonHangID, DoiTacID, NgayDat) VALUES (N'KH902610', N'DH791485', 'DT740526', '2019-12-22 19:57:14.490')
INSERT dbo.DATHANG(KhachHangID, DonHangID, DoiTacID, NgayDat) VALUES (N'KH807380', N'DH737576', 'DT938114', NULL)
INSERT dbo.DATHANG(KhachHangID, DonHangID, DoiTacID, NgayDat) VALUES (N'KH877854', N'DH510706', 'DT117964', '2019-10-14 15:31:13.100')
INSERT dbo.DATHANG(KhachHangID, DonHangID, DoiTacID, NgayDat) VALUES (N'KH208913', N'DH662839', 'DT705895', '2010-06-18 07:52:11.610')
INSERT dbo.DATHANG(KhachHangID, DonHangID, DoiTacID, NgayDat) VALUES (N'KH222965', N'DH162808', 'DT516146', '2020-05-20 14:05:46.220')
INSERT dbo.DATHANG(KhachHangID, DonHangID, DoiTacID, NgayDat) VALUES (N'KH895657', N'DH437514', 'DT667805', '2021-02-25 22:38:20.580')
INSERT dbo.DATHANG(KhachHangID, DonHangID, DoiTacID, NgayDat) VALUES (N'KH668493', N'DH635270', 'DT976951', '2019-10-26 09:48:17.350')
INSERT dbo.DATHANG(KhachHangID, DonHangID, DoiTacID, NgayDat) VALUES (N'KH121363', N'DH719958', 'DT223085', '2016-02-20 19:43:36.170')
INSERT dbo.DATHANG(KhachHangID, DonHangID, DoiTacID, NgayDat) VALUES (N'KH227957', N'DH169299', 'DT379221', '2013-12-11 17:47:41.770')
INSERT dbo.DATHANG(KhachHangID, DonHangID, DoiTacID, NgayDat) VALUES (N'KH189574', N'DH325856', 'DT796815', '2014-03-06 05:52:01.020')
INSERT dbo.DATHANG(KhachHangID, DonHangID, DoiTacID, NgayDat) VALUES (N'KH129598', N'DH626202', 'DT120892', '2014-02-28 23:52:31.470')
INSERT dbo.DATHANG(KhachHangID, DonHangID, DoiTacID, NgayDat) VALUES (N'KH739313', N'DH689028', 'DT652187', '2018-02-20 12:02:58.120')
INSERT dbo.DATHANG(KhachHangID, DonHangID, DoiTacID, NgayDat) VALUES (N'KH428060', N'DH254575', 'DT839810', '2020-04-27 15:10:12.020')
INSERT dbo.DATHANG(KhachHangID, DonHangID, DoiTacID, NgayDat) VALUES (N'KH274261', N'DH728959', 'DT465259', '2012-06-04 20:25:49.570')
INSERT dbo.DATHANG(KhachHangID, DonHangID, DoiTacID, NgayDat) VALUES (N'KH780206', N'DH258634', 'DT493286', '2016-04-23 21:36:29.040')
INSERT dbo.DATHANG(KhachHangID, DonHangID, DoiTacID, NgayDat) VALUES (N'KH352079', N'DH677514', 'DT129147', '2013-10-17 06:22:51.650')
INSERT dbo.DATHANG(KhachHangID, DonHangID, DoiTacID, NgayDat) VALUES (N'KH017431', N'DH413038', 'DT990313', '2018-04-05 15:31:36.240')
INSERT dbo.DATHANG(KhachHangID, DonHangID, DoiTacID, NgayDat) VALUES (N'KH548937', N'DH058395', 'DT144842', '2020-07-17 05:33:37.220')
INSERT dbo.DATHANG(KhachHangID, DonHangID, DoiTacID, NgayDat) VALUES (N'KH800875', N'DH240248', 'DT038589', '2019-01-15 16:38:13.250')
INSERT dbo.DATHANG(KhachHangID, DonHangID, DoiTacID, NgayDat) VALUES (N'KH946214', N'DH792047', 'DT101838', '2017-01-13 13:32:36.070')
INSERT dbo.DATHANG(KhachHangID, DonHangID, DoiTacID, NgayDat) VALUES (N'KH841446', N'DH736302', 'DT578431', '2014-10-13 21:08:11.270')
INSERT dbo.DATHANG(KhachHangID, DonHangID, DoiTacID, NgayDat) VALUES (N'KH429242', N'DH458781', 'DT365526', NULL)
INSERT dbo.DATHANG(KhachHangID, DonHangID, DoiTacID, NgayDat) VALUES (N'KH687796', N'DH079303', 'DT192075', '2014-10-25 23:11:15.070')
INSERT dbo.DATHANG(KhachHangID, DonHangID, DoiTacID, NgayDat) VALUES (N'KH485799', N'DH982612', 'DT419450', '2016-11-23 02:30:14.500')
INSERT dbo.DATHANG(KhachHangID, DonHangID, DoiTacID, NgayDat) VALUES (N'KH607613', N'DH632063', 'DT314701', '2019-10-04 15:18:16.350')
INSERT dbo.DATHANG(KhachHangID, DonHangID, DoiTacID, NgayDat) VALUES (N'KH767848', N'DH887680', 'DT442089', '2013-03-11 07:51:38.930')
INSERT dbo.DATHANG(KhachHangID, DonHangID, DoiTacID, NgayDat) VALUES (N'KH689316', N'DH033519', 'DT422132', '2012-11-20 01:03:14.350')
INSERT dbo.DATHANG(KhachHangID, DonHangID, DoiTacID, NgayDat) VALUES (N'KH208447', N'DH669705', 'DT789996', '2015-03-14 04:31:03.270')
INSERT dbo.DATHANG(KhachHangID, DonHangID, DoiTacID, NgayDat) VALUES (N'KH849119', N'DH575158', 'DT671224', '2018-11-03 04:11:20.800')
INSERT dbo.DATHANG(KhachHangID, DonHangID, DoiTacID, NgayDat) VALUES (N'KH411274', N'DH873023', 'DT268401', '2015-10-10 06:40:01.150')
INSERT dbo.DATHANG(KhachHangID, DonHangID, DoiTacID, NgayDat) VALUES (N'KH396892', N'DH253777', 'DT768413', '2021-01-13 23:59:24.990')
INSERT dbo.DATHANG(KhachHangID, DonHangID, DoiTacID, NgayDat) VALUES (N'KH567219', N'DH401013', 'DT704070', '2020-07-11 09:32:45.990')
INSERT dbo.DATHANG(KhachHangID, DonHangID, DoiTacID, NgayDat) VALUES (N'KH120526', N'DH560846', 'DT836244', '2010-11-17 12:35:51.090')
INSERT dbo.DATHANG(KhachHangID, DonHangID, DoiTacID, NgayDat) VALUES (N'KH599821', N'DH275429', 'DT967322', '2019-09-07 06:39:45.980')
INSERT dbo.DATHANG(KhachHangID, DonHangID, DoiTacID, NgayDat) VALUES (N'KH287431', N'DH344651', 'DT936112', '2014-12-10 20:23:03.590')
INSERT dbo.DATHANG(KhachHangID, DonHangID, DoiTacID, NgayDat) VALUES (N'KH513798', N'DH856233', 'DT745905', '2011-11-13 09:19:03.040')
INSERT dbo.DATHANG(KhachHangID, DonHangID, DoiTacID, NgayDat) VALUES (N'KH336353', N'DH732332', 'DT593423', '2020-07-20 03:24:56.000')
INSERT dbo.DATHANG(KhachHangID, DonHangID, DoiTacID, NgayDat) VALUES (N'KH795314', N'DH180628', 'DT156792', '2015-08-17 21:39:26.660')
GO

--
-- Inserting data into table dbo.HOPDONG
--
INSERT dbo.HOPDONG(ID, DoiTacID, TenNguoiDD, SoChiNhanhDK, DiaChi, NgayLap, HieuLuc, PhiHoaHong) VALUES (N'HD526178', N'DT144842', N'Vũ Trung Anh', 'CN982698', N'99 Cách mạng Tháng Tám, phường 8, Quận 4', '2005-06-09 19:42:44.030', '2010-04-19 15:33:57.490', 2125471.44)
INSERT dbo.HOPDONG(ID, DoiTacID, TenNguoiDD, SoChiNhanhDK, DiaChi, NgayLap, HieuLuc, PhiHoaHong) VALUES (N'HD107064', N'DT768682', N'Kim Nguyễn Bão', 'CN721862', N'435 Lê Công Kiều, phường Vĩnh Phú, Quận 4', '2018-03-11 12:41:56.590', '2013-09-07 22:01:02.420', 569.94)
INSERT dbo.HOPDONG(ID, DoiTacID, TenNguoiDD, SoChiNhanhDK, DiaChi, NgayLap, HieuLuc, PhiHoaHong) VALUES (N'HD843414', N'DT839810', N'Vũ Anh Trâm', 'CN988583', N'3 Võ Thị Sáu, phường 1, Quận 4', '2002-11-26 05:02:11.380', '2005-06-05 22:47:22.960', 9883920.7)
INSERT dbo.HOPDONG(ID, DoiTacID, TenNguoiDD, SoChiNhanhDK, DiaChi, NgayLap, HieuLuc, PhiHoaHong) VALUES (N'HD627354', N'DT938114', N'Huỳnh Minh Duy', 'CN488852', N'89 Lê La, phường 1, Quận 1', '2004-10-08 07:42:27.640', '2006-12-10 02:41:33.360', 1518621.92)
INSERT dbo.HOPDONG(ID, DoiTacID, TenNguoiDD, SoChiNhanhDK, DiaChi, NgayLap, HieuLuc, PhiHoaHong) VALUES (N'HD872245', N'DT120892', N'Kim Trung Diệp', 'CN043408', N'785 Tự Do, phường 6, Quận 2', '2021-12-14 11:30:14.370', NULL, 5247.92)
INSERT dbo.HOPDONG(ID, DoiTacID, TenNguoiDD, SoChiNhanhDK, DiaChi, NgayLap, HieuLuc, PhiHoaHong) VALUES (N'HD305022', N'DT184046', N'Khương Trần Bách', 'CN835063', N'961 Hoàng Văn Thụ, phường 7, Quận 8', '2004-05-17 20:00:45.480', NULL, 5.34)
INSERT dbo.HOPDONG(ID, DoiTacID, TenNguoiDD, SoChiNhanhDK, DiaChi, NgayLap, HieuLuc, PhiHoaHong) VALUES (N'HD375309', N'DT469475', N'Khương Thị Anh Tuyết', 'CN870132', N'23 Cao Thắng, phường 7, Quận 2', '2009-07-17 23:49:07.950', '2003-07-17 11:25:30.030', 471327.79)
INSERT dbo.HOPDONG(ID, DoiTacID, TenNguoiDD, SoChiNhanhDK, DiaChi, NgayLap, HieuLuc, PhiHoaHong) VALUES (N'HD314955', N'DT246819', N'Trần Trần Phong', 'CN617823', N'4 Tôn Đức Thắng, phường 3, Quận 4', '2017-07-13 08:08:04.790', '2009-04-20 07:33:44.410', 5778.72)
INSERT dbo.HOPDONG(ID, DoiTacID, TenNguoiDD, SoChiNhanhDK, DiaChi, NgayLap, HieuLuc, PhiHoaHong) VALUES (N'HD272630', N'DT175803', N'Cao Minh Hoàng', 'CN087565', N'947 Phạm Hồng Thái, phường 4, Quận 1', '2011-09-10 17:56:51.590', '2002-04-19 18:22:22.790', 8183027.02)
INSERT dbo.HOPDONG(ID, DoiTacID, TenNguoiDD, SoChiNhanhDK, DiaChi, NgayLap, HieuLuc, PhiHoaHong) VALUES (N'HD766478', N'DT990313', N'Khương Nguyễn Thư', 'CN534336', N'186 Lê Anh Xuân, phường 7, Quận 7', '2006-12-23 19:50:50.360', '2002-01-18 07:28:45.370', 0.05)
INSERT dbo.HOPDONG(ID, DoiTacID, TenNguoiDD, SoChiNhanhDK, DiaChi, NgayLap, HieuLuc, PhiHoaHong) VALUES (N'HD711938', N'DT365526', N'Trần Anh Đức', 'CN397611', N'97 Bá Lê Chân, phường 4, Quận 1', '2016-12-14 12:22:27.020', '2010-05-22 22:21:59.910', 693996.76)
INSERT dbo.HOPDONG(ID, DoiTacID, TenNguoiDD, SoChiNhanhDK, DiaChi, NgayLap, HieuLuc, PhiHoaHong) VALUES (N'HD944655', N'DT671224', N'Kim Hoàng Yến', 'CN560001', N'6 Hàm Thuyên, phường 7, Quận 6', '2020-06-22 23:33:13.940', '2002-08-12 02:47:19.120', 8018260.27)
INSERT dbo.HOPDONG(ID, DoiTacID, TenNguoiDD, SoChiNhanhDK, DiaChi, NgayLap, HieuLuc, PhiHoaHong) VALUES (N'HD332276', N'DT442089', N'Nguyễn Thị Ngọc Hào', 'CN532280', N'994 Nguyễn Du, phường 0, Quận 10', '2013-02-17 02:50:00.120', '2003-09-09 00:34:11.740', 5722823.26)
INSERT dbo.HOPDONG(ID, DoiTacID, TenNguoiDD, SoChiNhanhDK, DiaChi, NgayLap, HieuLuc, PhiHoaHong) VALUES (N'HD463899', N'DT268401', N'Ân Nguyễn Phúc', 'CN879960', N'310 Lê Quý Đôn, phường 1, Quận 7', '2010-08-15 14:00:39.590', '2014-12-16 14:20:51.830', 5181.51)
INSERT dbo.HOPDONG(ID, DoiTacID, TenNguoiDD, SoChiNhanhDK, DiaChi, NgayLap, HieuLuc, PhiHoaHong) VALUES (N'HD937723', N'DT768413', N'Ân Dương Tí', 'CN668520', N'872 Nguyễn Quang Diêu, phường 4, Quận 4', '2014-12-27 00:41:22.240', '2021-03-09 08:25:49.940', 965635.59)
INSERT dbo.HOPDONG(ID, DoiTacID, TenNguoiDD, SoChiNhanhDK, DiaChi, NgayLap, HieuLuc, PhiHoaHong) VALUES (N'HD621150', N'DT493286', N'Phùng Hoàng Chi', 'CN911297', N'88 Võ Trưởng Toản, phường 7, Quận Tân Bình', '2003-05-30 22:36:41.810', '2006-08-23 11:06:39.040', 1256051.1)
INSERT dbo.HOPDONG(ID, DoiTacID, TenNguoiDD, SoChiNhanhDK, DiaChi, NgayLap, HieuLuc, PhiHoaHong) VALUES (N'HD916163', N'DT967322', N'Cao Thị Dương Anh', 'CN874665', N'37 Ngô Thì Nhậm, phường Dĩ An, Quận 5', NULL, '2002-03-29 20:17:11.640', 3169702.56)
INSERT dbo.HOPDONG(ID, DoiTacID, TenNguoiDD, SoChiNhanhDK, DiaChi, NgayLap, HieuLuc, PhiHoaHong) VALUES (N'HD024286', N'DT704070', N'Dương Thị Minh Tùng', 'CN294515', N'55 Điện Biên Phủ, phường 8, Quận 6', NULL, '2008-01-28 17:30:13.420', 3623108.18)
INSERT dbo.HOPDONG(ID, DoiTacID, TenNguoiDD, SoChiNhanhDK, DiaChi, NgayLap, HieuLuc, PhiHoaHong) VALUES (N'HD468362', N'DT836244', N'Trịnh Ngọc Hân', 'CN657568', N'57 Mạc Thị Bưởi, phường 4, Quận 8', '2020-07-16 09:49:42.130', '2020-09-05 01:55:00.600', 3531598.61)
INSERT dbo.HOPDONG(ID, DoiTacID, TenNguoiDD, SoChiNhanhDK, DiaChi, NgayLap, HieuLuc, PhiHoaHong) VALUES (N'HD611474', N'DT593423', N'Phùng Nguyễn Ánh', 'CN652268', N'57 Điện Biên Phủ, phường Suối Tre, Quận 5', '2011-05-08 04:52:22.630', '2005-10-02 17:00:58.300', 7808.6)
INSERT dbo.HOPDONG(ID, DoiTacID, TenNguoiDD, SoChiNhanhDK, DiaChi, NgayLap, HieuLuc, PhiHoaHong) VALUES (N'HD834857', N'DT422132', N'Kim Ngọc Khiêm', 'CN587066', N'67 Phạm Hồng Thái, phường 8, Quận Tân Phú', '2013-08-22 22:31:33.040', '2012-10-18 03:46:52.010', 608.63)
INSERT dbo.HOPDONG(ID, DoiTacID, TenNguoiDD, SoChiNhanhDK, DiaChi, NgayLap, HieuLuc, PhiHoaHong) VALUES (N'HD856775', N'DT936112', N'Kim Thị Hoàng Bách', 'CN254749', N'8 Nguyễn Trãi, phường 2, Quận 8', '2021-04-30 16:42:35.910', '2018-01-04 05:16:53.040', 6730668.89)
INSERT dbo.HOPDONG(ID, DoiTacID, TenNguoiDD, SoChiNhanhDK, DiaChi, NgayLap, HieuLuc, PhiHoaHong) VALUES (N'HD924963', N'DT796815', N'Khương Lê Xuân', 'CN662106', N'1 Gia Long, phường 4, Quận 6', '2007-10-29 10:20:34.460', '2015-10-25 06:45:05.890', 971229.66)
INSERT dbo.HOPDONG(ID, DoiTacID, TenNguoiDD, SoChiNhanhDK, DiaChi, NgayLap, HieuLuc, PhiHoaHong) VALUES (N'HD744048', N'DT156792', N'Dương Dương Nhung', 'CN332844', N'21 Đồng Khởi, phường 5, Quận 4', '2014-11-04 05:30:18.370', '2014-11-11 08:17:18.310', 78.03)
INSERT dbo.HOPDONG(ID, DoiTacID, TenNguoiDD, SoChiNhanhDK, DiaChi, NgayLap, HieuLuc, PhiHoaHong) VALUES (N'HD787524', N'DT652187', N'Khương Thị Trung Chi', 'CN540440', N'4 Nguyễn Huệ, phường 2, Quận 7', '2001-09-22 22:20:44.820', '2007-04-01 02:35:41.870', 9395346.98)
INSERT dbo.HOPDONG(ID, DoiTacID, TenNguoiDD, SoChiNhanhDK, DiaChi, NgayLap, HieuLuc, PhiHoaHong) VALUES (N'HD432521', N'DT465259', N'Kim Thị Bùi Hà', 'CN919242', N'4 Nguyễn Quang Diêu, phường 0, Quận 1', '2015-10-29 20:07:31.630', NULL, 5515439.52)
INSERT dbo.HOPDONG(ID, DoiTacID, TenNguoiDD, SoChiNhanhDK, DiaChi, NgayLap, HieuLuc, PhiHoaHong) VALUES (N'HD443504', N'DT789996', N'Khương Thị Hoàng Vy', 'CN826539', N'51 Nguyễn Trãi, phường 1, Quận 4', '2006-04-14 18:48:01.550', '2010-12-17 18:57:23.930', 8868303.06)
INSERT dbo.HOPDONG(ID, DoiTacID, TenNguoiDD, SoChiNhanhDK, DiaChi, NgayLap, HieuLuc, PhiHoaHong) VALUES (N'HD094868', N'DT290317', N'Lâm Lê Nghĩa', 'CN716855', N'61 Nguyễn Trãi, phường 3, Quận 2', '2007-10-19 10:50:40.210', '2019-11-08 11:47:34.180', 842.76)
INSERT dbo.HOPDONG(ID, DoiTacID, TenNguoiDD, SoChiNhanhDK, DiaChi, NgayLap, HieuLuc, PhiHoaHong) VALUES (N'HD746553', N'DT348851', N'Tô Thị Nguyễn Bảo', 'CN381447', N'532 Lê Thị Hồng Gấm, phường 4, Quận 2', '2010-08-08 23:32:39.660', '2005-08-08 11:55:53.930', 2395774.95)
INSERT dbo.HOPDONG(ID, DoiTacID, TenNguoiDD, SoChiNhanhDK, DiaChi, NgayLap, HieuLuc, PhiHoaHong) VALUES (N'HD211848', N'DT929843', N'Trần Khánh Châu', 'CN215848', N'314 Trường Sa, phường 1, Quận 2', '2006-01-31 07:25:54.870', '2017-07-11 13:52:03.670', 3445933.48)
INSERT dbo.HOPDONG(ID, DoiTacID, TenNguoiDD, SoChiNhanhDK, DiaChi, NgayLap, HieuLuc, PhiHoaHong) VALUES (N'HD746515', N'DT745905', N'Lê Trần Châu', 'CN933444', N'7 Đặng Thai Mai, phường 4, Quận 2', '2016-09-05 01:49:57.680', '2015-02-16 17:27:09.610', 836.02)
INSERT dbo.HOPDONG(ID, DoiTacID, TenNguoiDD, SoChiNhanhDK, DiaChi, NgayLap, HieuLuc, PhiHoaHong) VALUES (N'HD922240', N'DT038589', N'Hồ Khánh Dũng', 'CN511864', N'84 Hàm Nghi, phường 7, Quận 2', '2010-05-23 14:31:49.930', '2017-12-04 19:30:15.740', 9631.86)
INSERT dbo.HOPDONG(ID, DoiTacID, TenNguoiDD, SoChiNhanhDK, DiaChi, NgayLap, HieuLuc, PhiHoaHong) VALUES (N'HD336149', N'DT146172', N'Trịnh Nguyễn Ý', 'CN682905', N'3 Đinh Công Tráng, phường 6, Quận 1', '2000-07-19 06:09:13.520', '2016-04-15 19:49:14.010', 6254848.91)
INSERT dbo.HOPDONG(ID, DoiTacID, TenNguoiDD, SoChiNhanhDK, DiaChi, NgayLap, HieuLuc, PhiHoaHong) VALUES (N'HD374529', N'DT830692', N'Phùng Khánh Tuấn', 'CN010290', N'06 Nguyễn Đình Chính, phường 8, Quận 6', '2001-03-05 15:27:07.710', '2020-03-12 23:55:08.720', 5812.63)
INSERT dbo.HOPDONG(ID, DoiTacID, TenNguoiDD, SoChiNhanhDK, DiaChi, NgayLap, HieuLuc, PhiHoaHong) VALUES (N'HD192718', N'DT740526', N'Nguyễn Trung Bách', 'CN936940', N'48 Bùi Thị Xuân, phường 0, Quận 3', NULL, '2014-03-11 16:12:38.120', 4201327.86)
INSERT dbo.HOPDONG(ID, DoiTacID, TenNguoiDD, SoChiNhanhDK, DiaChi, NgayLap, HieuLuc, PhiHoaHong) VALUES (N'HD231443', N'DT705895', N'Lâm Dương Hà', 'CN728347', N'11 Hoàng Sa, phường 1, Quận 1', '2000-06-04 10:06:27.220', '2020-02-24 13:13:07.060', 9849184.71)
INSERT dbo.HOPDONG(ID, DoiTacID, TenNguoiDD, SoChiNhanhDK, DiaChi, NgayLap, HieuLuc, PhiHoaHong) VALUES (N'HD209435', N'DT117964', N'Tô Dương Tùng', 'CN027812', N'9 Trần Quốc Toản, phường 6, Quận 1', '2011-10-04 01:51:29.830', '2008-05-30 21:45:42.450', 2981107.51)
INSERT dbo.HOPDONG(ID, DoiTacID, TenNguoiDD, SoChiNhanhDK, DiaChi, NgayLap, HieuLuc, PhiHoaHong) VALUES (N'HD353587', N'DT379221', N'Cao Anh Thương', 'CN334517', N'63 Ngô Thì Nhậm, phường 3, Quận 5', '2006-07-30 00:20:00.550', '2017-04-15 21:16:03.390', 7733961.96)
INSERT dbo.HOPDONG(ID, DoiTacID, TenNguoiDD, SoChiNhanhDK, DiaChi, NgayLap, HieuLuc, PhiHoaHong) VALUES (N'HD330354', N'DT101838', N'Hồ Thị Anh Hữu', 'CN645021', N'38 Lê Công Kiều, phường 3, Quận 6', '2013-06-15 09:06:26.410', '2020-03-25 16:02:12.490', 8715598.83)
INSERT dbo.HOPDONG(ID, DoiTacID, TenNguoiDD, SoChiNhanhDK, DiaChi, NgayLap, HieuLuc, PhiHoaHong) VALUES (N'HD366483', N'DT976951', N'Phùng Nguyễn Hà', 'CN612576', N'41 Lê Thị Hồng Gấm, phường 4, Quận 3', '2018-05-14 03:22:34.040', '2020-06-16 00:31:37.590', 382949.58)
INSERT dbo.HOPDONG(ID, DoiTacID, TenNguoiDD, SoChiNhanhDK, DiaChi, NgayLap, HieuLuc, PhiHoaHong) VALUES (N'HD877826', N'DT223085', N'Huỳnh Ngọc Dũng', 'CN902584', N'342 Nguyễn Đình Chính, phường 5, Quận 4', '2006-04-25 19:48:54.730', '2012-10-29 15:27:52.740', 89.71)
INSERT dbo.HOPDONG(ID, DoiTacID, TenNguoiDD, SoChiNhanhDK, DiaChi, NgayLap, HieuLuc, PhiHoaHong) VALUES (N'HD014513', N'DT516146', N'Lâm Bùi Dũng', 'CN566487', N'30 Gia Long, phường 2, Quận 2', '2017-04-11 19:05:25.720', '2014-11-10 18:23:01.540', 1845141.92)
INSERT dbo.HOPDONG(ID, DoiTacID, TenNguoiDD, SoChiNhanhDK, DiaChi, NgayLap, HieuLuc, PhiHoaHong) VALUES (N'HD671732', N'DT667805', N'Triệu Trần Hân', 'CN462718', N'8 Hàm Nghi, phường 0, Quận 11', '2017-03-14 06:34:37.210', '2018-06-15 11:57:33.430', 5491.89)
INSERT dbo.HOPDONG(ID, DoiTacID, TenNguoiDD, SoChiNhanhDK, DiaChi, NgayLap, HieuLuc, PhiHoaHong) VALUES (N'HD775064', N'DT192075', N'Phùng Thị Trung Bách', 'CN497316', N'25 30/4, phường 9, Quận 7', '2000-06-29 15:36:06.150', '2013-01-02 21:47:23.070', 3067584.02)
INSERT dbo.HOPDONG(ID, DoiTacID, TenNguoiDD, SoChiNhanhDK, DiaChi, NgayLap, HieuLuc, PhiHoaHong) VALUES (N'HD723282', N'DT129147', N'Lâm Trịnh Bích', 'CN828235', N'7 Đào Duy Tân, phường 2, Quận 3', NULL, NULL, 7654912.62)
INSERT dbo.HOPDONG(ID, DoiTacID, TenNguoiDD, SoChiNhanhDK, DiaChi, NgayLap, HieuLuc, PhiHoaHong) VALUES (N'HD016949', N'DT578431', N'Trần Lê Anh', 'CN125610', N'92 Lê Thị Riêng, phường 2, Quận 8', '2008-04-08 01:05:36.100', '2010-10-18 22:34:09.110', 4910879.36)
INSERT dbo.HOPDONG(ID, DoiTacID, TenNguoiDD, SoChiNhanhDK, DiaChi, NgayLap, HieuLuc, PhiHoaHong) VALUES (N'HD940472', N'DT419450', N'Phùng Trịnh Nga', 'CN593841', N'39 Gia Long, phường 7, Quận Bình Tân', '2010-03-24 04:24:16.980', '2004-09-21 10:08:48.020', 64.82)
INSERT dbo.HOPDONG(ID, DoiTacID, TenNguoiDD, SoChiNhanhDK, DiaChi, NgayLap, HieuLuc, PhiHoaHong) VALUES (N'HD785951', N'DT314701', N'Bùi Khánh Tùng', 'CN340278', N'93 Cao Thắng, phường Vĩnh Hòa, Quận 5', '2002-09-23 03:50:08.950', '2004-10-12 16:49:48.710', 4481686.6)
INSERT dbo.HOPDONG(ID, DoiTacID, TenNguoiDD, SoChiNhanhDK, DiaChi, NgayLap, HieuLuc, PhiHoaHong) VALUES (N'HD047212', N'DT535401', N'Triệu Trịnh Chi', 'CN035696', N'73 Đống Đa, phường 4, Quận 2', '2009-12-28 03:39:55.900', '2008-01-06 06:13:07.460', 1003448.03)
INSERT dbo.HOPDONG(ID, DoiTacID, TenNguoiDD, SoChiNhanhDK, DiaChi, NgayLap, HieuLuc, PhiHoaHong) VALUES (N'HD488455', N'DT518451', N'Lâm Thị Anh Thương', 'CN801080', N'173 Lê Thị Hồng Gấm, phường 6, Quận 5', '2017-03-09 15:08:40.420', '2010-07-25 13:26:07.060', 9193415.07)
GO

--
-- Inserting data into table dbo.NGUOIDUNG
--
INSERT dbo.NGUOIDUNG(Username, Password, DoiTacID, KhachHangID, TaiXeID, NhanVienID, QuanTriID, Role) VALUES (N'Untouchedsome8854', '3DWRJS', 'DT469475', 'KH548937', 'TX639432', 'NV608301', 'QT885619', 4)
INSERT dbo.NGUOIDUNG(Username, Password, DoiTacID, KhachHangID, TaiXeID, NhanVienID, QuanTriID, Role) VALUES (N'FullButcher', 'EMJ:6UF', 'DT967322', 'KH800875', 'TX241312', 'NV294530', 'QT409305', 1)
INSERT dbo.NGUOIDUNG(Username, Password, DoiTacID, KhachHangID, TaiXeID, NhanVienID, QuanTriID, Role) VALUES (N'CutieSteve6886', 'NYT=1<', 'DT976951', 'KH017431', 'TX602718', 'NV480015', 'QT897331', 2)
INSERT dbo.NGUOIDUNG(Username, Password, DoiTacID, KhachHangID, TaiXeID, NhanVienID, QuanTriID, Role) VALUES (N'FlyingBeauty4596', 'E;55PX6VC', NULL, 'KH548937', 'TX258961', 'NV826681', 'QT804438', 4)
INSERT dbo.NGUOIDUNG(Username, Password, DoiTacID, KhachHangID, TaiXeID, NhanVienID, QuanTriID, Role) VALUES (N'BrokenButcher3152', 'ONK0?5?V@', 'DT120892', 'KH706504', 'TX818731', 'NV211587', 'QT073371', 2)
INSERT dbo.NGUOIDUNG(Username, Password, DoiTacID, KhachHangID, TaiXeID, NhanVienID, QuanTriID, Role) VALUES (N'UniBeauty9458', '5HE@EZBIQWVQ1T=615Q0', 'DT348851', 'KH567219', 'TX014577', 'NV665914', 'QT168422', 1)
INSERT dbo.NGUOIDUNG(Username, Password, DoiTacID, KhachHangID, TaiXeID, NhanVienID, QuanTriID, Role) VALUES (N'Cornlike5631', 'U5W1OHH', 'DT493286', 'KH227957', 'TX069685', 'NV412419', 'QT094926', 3)
INSERT dbo.NGUOIDUNG(Username, Password, DoiTacID, KhachHangID, TaiXeID, NhanVienID, QuanTriID, Role) VALUES (N'Cornmouse8524', 'JS23589RPICMCR2MPRGK', 'DT705895', 'KH700813', 'TX014577', 'NV722882', 'QT790664', 1)
INSERT dbo.NGUOIDUNG(Username, Password, DoiTacID, KhachHangID, TaiXeID, NhanVienID, QuanTriID, Role) VALUES (N'DefenceJake4520', 'YVFQR56XTA=3AA', 'DT129147', 'KH336353', 'TX787086', 'NV413871', NULL, 3)
INSERT dbo.NGUOIDUNG(Username, Password, DoiTacID, KhachHangID, TaiXeID, NhanVienID, QuanTriID, Role) VALUES (N'CreeperCat3296', '5XD@P89=ISGIXUFE2LG2;A', 'DT990313', 'KH902610', 'TX576532', 'NV067121', 'QT272247', 3)
INSERT dbo.NGUOIDUNG(Username, Password, DoiTacID, KhachHangID, TaiXeID, NhanVienID, QuanTriID, Role) VALUES (N'CutieCat1434', 'O=;2', 'DT516146', 'KH877854', NULL, 'NV924280', 'QT975035', 3)
INSERT dbo.NGUOIDUNG(Username, Password, DoiTacID, KhachHangID, TaiXeID, NhanVienID, QuanTriID, Role) VALUES (N'SpecialRound9009', 'QO53S9CLB594H', 'DT268401', 'KH567219', 'TX014577', 'NV949732', 'QT258314', 0)
INSERT dbo.NGUOIDUNG(Username, Password, DoiTacID, KhachHangID, TaiXeID, NhanVienID, QuanTriID, Role) VALUES (N'Brokencredit4105', 'YV5:', 'DT146172', 'KH800875', 'TX530734', 'NV065923', 'QT785714', 3)
INSERT dbo.NGUOIDUNG(Username, Password, DoiTacID, KhachHangID, TaiXeID, NhanVienID, QuanTriID, Role) VALUES (N'Specialdelivery', '89KDTWQF', 'DT246819', 'KH706504', NULL, 'NV473927', 'QT849733', 4)
INSERT dbo.NGUOIDUNG(Username, Password, DoiTacID, KhachHangID, TaiXeID, NhanVienID, QuanTriID, Role) VALUES (N'BrokenCorn8770', '7Z:V', 'DT796815', 'KH201645', 'TX761431', 'NV741906', 'QT433725', 2)
INSERT dbo.NGUOIDUNG(Username, Password, DoiTacID, KhachHangID, TaiXeID, NhanVienID, QuanTriID, Role) VALUES (N'SweetButcher3307', '0W<D8', 'DT038589', 'KH877854', 'TX909133', NULL, 'QT744064', 0)
INSERT dbo.NGUOIDUNG(Username, Password, DoiTacID, KhachHangID, TaiXeID, NhanVienID, QuanTriID, Role) VALUES (N'Brokencredit6258', '4<5B7', 'DT929843', 'KH706504', 'TX014577', 'NV741906', 'QT073371', 2)
INSERT dbo.NGUOIDUNG(Username, Password, DoiTacID, KhachHangID, TaiXeID, NhanVienID, QuanTriID, Role) VALUES (N'UniSquirrel4924', ':?;M', 'DT268401', 'KH767848', NULL, 'NV180635', 'QT446062', 3)
INSERT dbo.NGUOIDUNG(Username, Password, DoiTacID, KhachHangID, TaiXeID, NhanVienID, QuanTriID, Role) VALUES (N'BestPad1994', 'VUN3MF90T8L', 'DT740526', 'KH706504', 'TX754259', 'NV292670', 'QT409305', 4)
INSERT dbo.NGUOIDUNG(Username, Password, DoiTacID, KhachHangID, TaiXeID, NhanVienID, QuanTriID, Role) VALUES (N'CreeperPad6717', 'M>X9:EJ>KZ:D7=86EF', NULL, 'KH841446', 'TX639432', 'NV228831', 'QT445021', 4)
INSERT dbo.NGUOIDUNG(Username, Password, DoiTacID, KhachHangID, TaiXeID, NhanVienID, QuanTriID, Role) VALUES (N'Defencecash9329', '@RXZ8Z1?', 'DT836244', NULL, 'TX299794', 'NV966491', 'QT744064', 1)
INSERT dbo.NGUOIDUNG(Username, Password, DoiTacID, KhachHangID, TaiXeID, NhanVienID, QuanTriID, Role) VALUES (N'Fourlike3210', 'TXL>46E', 'DT156792', 'KH895657', 'TX255380', 'NV473927', NULL, 0)
INSERT dbo.NGUOIDUNG(Username, Password, DoiTacID, KhachHangID, TaiXeID, NhanVienID, QuanTriID, Role) VALUES (N'SpecialCorn7063', 'R4TSTAW:7N1=QM8F30:E?@:GFI', 'DT422132', 'KH895657', 'TX082720', 'NV485580', 'QT285228', 2)
INSERT dbo.NGUOIDUNG(Username, Password, DoiTacID, KhachHangID, TaiXeID, NhanVienID, QuanTriID, Role) VALUES (N'FourFlake4316', 'TJ1HZOYGQZ?;SX3HRA', 'DT740526', 'KH182738', NULL, NULL, 'QT168422', 1)
INSERT dbo.NGUOIDUNG(Username, Password, DoiTacID, KhachHangID, TaiXeID, NhanVienID, QuanTriID, Role) VALUES (N'SpecialShow3484', '7SUVW', 'DT705895', NULL, 'TX902025', 'NV712173', 'QT896628', 1)
INSERT dbo.NGUOIDUNG(Username, Password, DoiTacID, KhachHangID, TaiXeID, NhanVienID, QuanTriID, Role) VALUES (N'NakedDragon8254', '34G?@2F87', 'DT379221', 'KH129598', 'TX212577', 'NV097181', 'QT272247', 1)
INSERT dbo.NGUOIDUNG(Username, Password, DoiTacID, KhachHangID, TaiXeID, NhanVienID, QuanTriID, Role) VALUES (N'FullSlayer4569', '3MC@>YBDA=WQO', 'DT745905', 'KH924632', NULL, 'NV087216', 'QT446062', 4)
INSERT dbo.NGUOIDUNG(Username, Password, DoiTacID, KhachHangID, TaiXeID, NhanVienID, QuanTriID, Role) VALUES (N'LovelyShow3210', 'AOL@;=0', 'DT192075', 'KH485799', 'TX787086', 'NV716519', 'QT790664', 2)
INSERT dbo.NGUOIDUNG(Username, Password, DoiTacID, KhachHangID, TaiXeID, NhanVienID, QuanTriID, Role) VALUES (N'Unidelivery', '19M@AIDD763@R70XW189F5UX=:HWRHPA', 'DT175803', 'KH222965', 'TX052071', 'NV711211', 'QT207439', 1)
INSERT dbo.NGUOIDUNG(Username, Password, DoiTacID, KhachHangID, TaiXeID, NhanVienID, QuanTriID, Role) VALUES (N'LovelyJohn2186', '1R1V', 'DT156792', 'KH895657', 'TX380376', 'NV037787', 'QT635016', 3)
INSERT dbo.NGUOIDUNG(Username, Password, DoiTacID, KhachHangID, TaiXeID, NhanVienID, QuanTriID, Role) VALUES (N'UntouchedPad1159', 'I7MZ0', 'DT117964', 'KH567219', 'TX212577', 'NV065923', 'QT975035', 4)
INSERT dbo.NGUOIDUNG(Username, Password, DoiTacID, KhachHangID, TaiXeID, NhanVienID, QuanTriID, Role) VALUES (N'BestPro0536', '5VWAMYCBO7J>M:E', 'DT442089', 'KH485799', 'TX639432', 'NV665914', 'QT885619', 1)
INSERT dbo.NGUOIDUNG(Username, Password, DoiTacID, KhachHangID, TaiXeID, NhanVienID, QuanTriID, Role) VALUES (N'Specialcredit6989', 'F@B4U94OJSH', 'DT223085', 'KH036275', 'TX022294', 'NV008181', NULL, 2)
INSERT dbo.NGUOIDUNG(Username, Password, DoiTacID, KhachHangID, TaiXeID, NhanVienID, QuanTriID, Role) VALUES (N'FlyingSteve8240', 'ZR1VED5LIG', 'DT704070', 'KH780206', 'TX787086', 'NV775771', 'QT975035', 3)
INSERT dbo.NGUOIDUNG(Username, Password, DoiTacID, KhachHangID, TaiXeID, NhanVienID, QuanTriID, Role) VALUES (N'Defencecredit2720', '8:7=B?8HA', 'DT516146', 'KH895657', 'TX014577', 'NV728570', NULL, 4)
INSERT dbo.NGUOIDUNG(Username, Password, DoiTacID, KhachHangID, TaiXeID, NhanVienID, QuanTriID, Role) VALUES (N'Fourdelivery6702', '70Y84Z@:O?MFGOGV0705J?S=;5=J', 'DT365526', 'KH336353', 'TX674387', 'NV199069', 'QT073371', 2)
INSERT dbo.NGUOIDUNG(Username, Password, DoiTacID, KhachHangID, TaiXeID, NhanVienID, QuanTriID, Role) VALUES (N'UniJake7069', 'W?;KRN8??=34<GR<@I5', 'DT469475', 'KH689316', 'TX576532', NULL, 'QT285228', 3)
INSERT dbo.NGUOIDUNG(Username, Password, DoiTacID, KhachHangID, TaiXeID, NhanVienID, QuanTriID, Role) VALUES (N'UntouchedPad', '<B1@67T3Q', 'DT469475', NULL, 'TX212577', 'NV206907', 'QT635016', 4)
INSERT dbo.NGUOIDUNG(Username, Password, DoiTacID, KhachHangID, TaiXeID, NhanVienID, QuanTriID, Role) VALUES (N'FourCorn8411', '0XSR<LGU', 'DT830692', 'KH607613', 'TX052071', 'NV536223', NULL, 2)
INSERT dbo.NGUOIDUNG(Username, Password, DoiTacID, KhachHangID, TaiXeID, NhanVienID, QuanTriID, Role) VALUES (N'NakedPro1260', '<PCXGOSSHYMHU4YO2C0MXI4ZGKRUG8WF', 'DT365526', 'KH208447', 'TX509611', 'NV008181', 'QT090314', 3)
INSERT dbo.NGUOIDUNG(Username, Password, DoiTacID, KhachHangID, TaiXeID, NhanVienID, QuanTriID, Role) VALUES (N'BrokenJohn6595', '5?W=', NULL, 'KH222965', 'TX717991', 'NV539727', 'QT655789', 1)
INSERT dbo.NGUOIDUNG(Username, Password, DoiTacID, KhachHangID, TaiXeID, NhanVienID, QuanTriID, Role) VALUES (N'CornBeauty9858', '3G76;L9Y=O', 'DT976951', 'KH428060', 'TX828563', 'NV722882', 'QT207439', 1)
INSERT dbo.NGUOIDUNG(Username, Password, DoiTacID, KhachHangID, TaiXeID, NhanVienID, QuanTriID, Role) VALUES (N'Defencemouse1058', 'LCKF?W5', 'DT156792', 'KH689316', 'TX502802', 'NV480015', 'QT885619', 4)
INSERT dbo.NGUOIDUNG(Username, Password, DoiTacID, KhachHangID, TaiXeID, NhanVienID, QuanTriID, Role) VALUES (N'StuffPad9316', 'AF:4AQW', 'DT929843', 'KH351543', 'TX902025', 'NV892611', 'QT635016', 4)
INSERT dbo.NGUOIDUNG(Username, Password, DoiTacID, KhachHangID, TaiXeID, NhanVienID, QuanTriID, Role) VALUES (N'FourButcher7427', '?XYXZ', 'DT768682', 'KH182738', 'TX607669', 'NV892611', 'QT814656', 2)
INSERT dbo.NGUOIDUNG(Username, Password, DoiTacID, KhachHangID, TaiXeID, NhanVienID, QuanTriID, Role) VALUES (N'StuffPuppy5287', 'EZUU118D', 'DT671224', NULL, 'TX082720', 'NV294530', 'QT207439', 3)
INSERT dbo.NGUOIDUNG(Username, Password, DoiTacID, KhachHangID, TaiXeID, NhanVienID, QuanTriID, Role) VALUES (N'Untouchedmouse3118', 'F=A1', 'DT268401', 'KH429242', 'TX684313', 'NV065923', 'QT897331', 4)
INSERT dbo.NGUOIDUNG(Username, Password, DoiTacID, KhachHangID, TaiXeID, NhanVienID, QuanTriID, Role) VALUES (N'BarnFlake8630', 'G229VZEDV8', NULL, 'KH849119', 'TX576532', 'NV252802', 'QT634537', 3)
INSERT dbo.NGUOIDUNG(Username, Password, DoiTacID, KhachHangID, TaiXeID, NhanVienID, QuanTriID, Role) VALUES (N'Cutiesome5788', 'KCY?JXO??AR?1V', 'DT704070', NULL, 'TX818731', NULL, 'QT395501', 4)
INSERT dbo.NGUOIDUNG(Username, Password, DoiTacID, KhachHangID, TaiXeID, NhanVienID, QuanTriID, Role) VALUES (N'SpecialPro6408', '=X:6P', NULL, 'KH877854', 'TX684313', NULL, 'QT896628', 1)
GO

--
-- Inserting data into table dbo.TX_DH
--
INSERT dbo.TX_DH(TaixeID, DonhangID, NgayGiaoHang) VALUES (N'TX502802', N'DH801115', '2010-11-29 16:47:33.720')
INSERT dbo.TX_DH(TaixeID, DonhangID, NgayGiaoHang) VALUES (N'TX761431', N'DH016123', NULL)
INSERT dbo.TX_DH(TaixeID, DonhangID, NgayGiaoHang) VALUES (N'TX022294', N'DH775217', NULL)
INSERT dbo.TX_DH(TaixeID, DonhangID, NgayGiaoHang) VALUES (N'TX069685', N'DH462591', '1970-06-08 23:17:32.860')
INSERT dbo.TX_DH(TaixeID, DonhangID, NgayGiaoHang) VALUES (N'TX014577', N'DH618964', '1997-10-29 06:16:49.830')
INSERT dbo.TX_DH(TaixeID, DonhangID, NgayGiaoHang) VALUES (N'TX481913', N'DH240415', '2017-03-16 19:44:44.710')
INSERT dbo.TX_DH(TaixeID, DonhangID, NgayGiaoHang) VALUES (N'TX787086', N'DH492239', NULL)
INSERT dbo.TX_DH(TaixeID, DonhangID, NgayGiaoHang) VALUES (N'TX299794', N'DH761339', NULL)
INSERT dbo.TX_DH(TaixeID, DonhangID, NgayGiaoHang) VALUES (N'TX717991', N'DH493908', NULL)
INSERT dbo.TX_DH(TaixeID, DonhangID, NgayGiaoHang) VALUES (N'TX902025', N'DH556519', NULL)
INSERT dbo.TX_DH(TaixeID, DonhangID, NgayGiaoHang) VALUES (N'TX241312', N'DH476875', '1975-08-12 06:40:55.360')
INSERT dbo.TX_DH(TaixeID, DonhangID, NgayGiaoHang) VALUES (N'TX530734', N'DH491143', '2004-01-06 14:58:46.090')
INSERT dbo.TX_DH(TaixeID, DonhangID, NgayGiaoHang) VALUES (N'TX349250', N'DH791485', '1994-07-10 11:23:43.510')
INSERT dbo.TX_DH(TaixeID, DonhangID, NgayGiaoHang) VALUES (N'TX754259', N'DH737576', NULL)
INSERT dbo.TX_DH(TaixeID, DonhangID, NgayGiaoHang) VALUES (N'TX082720', N'DH510706', '1988-04-15 07:02:39.450')
INSERT dbo.TX_DH(TaixeID, DonhangID, NgayGiaoHang) VALUES (N'TX674387', N'DH662839', NULL)
INSERT dbo.TX_DH(TaixeID, DonhangID, NgayGiaoHang) VALUES (N'TX269336', N'DH162808', NULL)
INSERT dbo.TX_DH(TaixeID, DonhangID, NgayGiaoHang) VALUES (N'TX745317', N'DH437514', '2021-05-16 05:38:51.200')
INSERT dbo.TX_DH(TaixeID, DonhangID, NgayGiaoHang) VALUES (N'TX818731', N'DH635270', NULL)
INSERT dbo.TX_DH(TaixeID, DonhangID, NgayGiaoHang) VALUES (N'TX919805', N'DH719958', '1990-12-30 10:50:52.360')
INSERT dbo.TX_DH(TaixeID, DonhangID, NgayGiaoHang) VALUES (N'TX775465', N'DH169299', '1976-01-18 14:29:05.390')
INSERT dbo.TX_DH(TaixeID, DonhangID, NgayGiaoHang) VALUES (N'TX509611', N'DH325856', NULL)
INSERT dbo.TX_DH(TaixeID, DonhangID, NgayGiaoHang) VALUES (N'TX314724', N'DH626202', NULL)
INSERT dbo.TX_DH(TaixeID, DonhangID, NgayGiaoHang) VALUES (N'TX052071', N'DH689028', NULL)
INSERT dbo.TX_DH(TaixeID, DonhangID, NgayGiaoHang) VALUES (N'TX937332', N'DH254575', NULL)
INSERT dbo.TX_DH(TaixeID, DonhangID, NgayGiaoHang) VALUES (N'TX380376', N'DH728959', '1978-05-10 00:29:30.260')
INSERT dbo.TX_DH(TaixeID, DonhangID, NgayGiaoHang) VALUES (N'TX828563', N'DH258634', NULL)
INSERT dbo.TX_DH(TaixeID, DonhangID, NgayGiaoHang) VALUES (N'TX966556', N'DH677514', '2001-03-13 18:27:03.200')
INSERT dbo.TX_DH(TaixeID, DonhangID, NgayGiaoHang) VALUES (N'TX212577', N'DH413038', NULL)
INSERT dbo.TX_DH(TaixeID, DonhangID, NgayGiaoHang) VALUES (N'TX056666', N'DH058395', NULL)
INSERT dbo.TX_DH(TaixeID, DonhangID, NgayGiaoHang) VALUES (N'TX607669', N'DH240248', NULL)
INSERT dbo.TX_DH(TaixeID, DonhangID, NgayGiaoHang) VALUES (N'TX472035', N'DH792047', '1987-05-17 02:43:07.550')
INSERT dbo.TX_DH(TaixeID, DonhangID, NgayGiaoHang) VALUES (N'TX657486', N'DH736302', NULL)
INSERT dbo.TX_DH(TaixeID, DonhangID, NgayGiaoHang) VALUES (N'TX255380', N'DH458781', NULL)
INSERT dbo.TX_DH(TaixeID, DonhangID, NgayGiaoHang) VALUES (N'TX046269', N'DH079303', NULL)
INSERT dbo.TX_DH(TaixeID, DonhangID, NgayGiaoHang) VALUES (N'TX576532', N'DH982612', NULL)
INSERT dbo.TX_DH(TaixeID, DonhangID, NgayGiaoHang) VALUES (N'TX227337', N'DH632063', NULL)
INSERT dbo.TX_DH(TaixeID, DonhangID, NgayGiaoHang) VALUES (N'TX735766', N'DH887680', '1973-03-03 12:51:31.630')
INSERT dbo.TX_DH(TaixeID, DonhangID, NgayGiaoHang) VALUES (N'TX169717', N'DH033519', '1980-06-23 13:33:54.720')
INSERT dbo.TX_DH(TaixeID, DonhangID, NgayGiaoHang) VALUES (N'TX639432', N'DH669705', NULL)
INSERT dbo.TX_DH(TaixeID, DonhangID, NgayGiaoHang) VALUES (N'TX160625', N'DH575158', NULL)
INSERT dbo.TX_DH(TaixeID, DonhangID, NgayGiaoHang) VALUES (N'TX661366', N'DH873023', '2007-09-28 09:38:15.970')
INSERT dbo.TX_DH(TaixeID, DonhangID, NgayGiaoHang) VALUES (N'TX684313', N'DH253777', '2013-07-13 09:23:44.200')
INSERT dbo.TX_DH(TaixeID, DonhangID, NgayGiaoHang) VALUES (N'TX258961', N'DH401013', '1991-12-23 23:50:03.050')
INSERT dbo.TX_DH(TaixeID, DonhangID, NgayGiaoHang) VALUES (N'TX845549', N'DH560846', NULL)
INSERT dbo.TX_DH(TaixeID, DonhangID, NgayGiaoHang) VALUES (N'TX602718', N'DH275429', NULL)
INSERT dbo.TX_DH(TaixeID, DonhangID, NgayGiaoHang) VALUES (N'TX608272', N'DH344651', '2006-02-26 15:54:10.200')
INSERT dbo.TX_DH(TaixeID, DonhangID, NgayGiaoHang) VALUES (N'TX909133', N'DH856233', '1977-05-27 15:11:57.260')
INSERT dbo.TX_DH(TaixeID, DonhangID, NgayGiaoHang) VALUES (N'TX210632', N'DH732332', '2010-10-15 07:42:14.900')
INSERT dbo.TX_DH(TaixeID, DonhangID, NgayGiaoHang) VALUES (N'TX186016', N'DH180628', '1987-09-18 15:28:30.580')
GO

--
-- Set NOEXEC to off
--

SET NOEXEC OFF
GO